category,word,zipf,frequency_category,frequency,dominant_pos,pos_percentage,all_pos,cd_count,cd_percentage
negative-emotion,like,6.601353593,High-frequency,203947,Preposition,0.547529319,Preposition.Verb.Conjunction.Adverb.Adjective.Noun.Name,8341,99.43967573
negative-emotion,look,6.28883587,High-frequency,99311,Verb,0.901511404,Verb.Noun.Name,8290,98.83166428
negative-emotion,love,6.046679186,High-frequency,56864,Verb,0.631651207,Verb.Noun.Name,7377,87.94706724
negative-emotion,call,5.934615117,High-frequency,43931,Verb,0.811513908,Verb.Noun.Name,7556,90.08106819
negative-emotion,find,5.918995095,High-frequency,42379,Verb,0.995892157,Verb.Noun.Name,7687,91.64282308
negative-emotion,last,5.858613278,High-frequency,36878,Number,0.921160474,Number.Verb.Adverb.Noun.Name,7731,92.16738197
negative-emotion,care,5.685391798,High-frequency,24748,Verb,0.503818953,Verb.Noun,6945,82.79685265
negative-emotion,understand,5.682875162,High-frequency,24605,Verb,1,Verb,6811,81.19933238
negative-emotion,hold,5.639632357,High-frequency,22273,Verb,0.930218939,Verb.Noun,6456,76.96709585
negative-emotion,ready,5.588038473,High-frequency,19778,Adjective,0.87301989,Adjective.Verb.Adverb,6398,76.27563186
negative-emotion,meet,5.54630971,High-frequency,17966,Verb,0.993368996,Verb.Noun.Name,5986,71.36385312
negative-emotion,hope,5.505431579,High-frequency,16352,Verb,0.845730028,Verb.Noun.Name,6123,72.99713877
negative-emotion,worry,5.457345553,High-frequency,14638,Verb,0.980165515,Verb.Noun,5727,68.27610873
negative-emotion,check,5.445008522,High-frequency,14228,Verb,0.785603824,Verb.Noun,5293,63.10205055
negative-emotion,crazy,5.434442578,High-frequency,13886,Adjective,0.999855679,Adjective.Noun,5039,60.07391512
negative-emotion,hurt,5.390996635,High-frequency,12564,Verb,0.852273632,Verb.Adjective.Noun,5123,61.07534573
negative-emotion,read,5.381845166,High-frequency,12302,Verb,0.99576754,Verb.Noun.Name,4733,56.42584645
negative-emotion,set,5.363936921,High-frequency,11805,Verb,0.811080989,Verb.Noun.Adjective.Name,5185,61.8144969
negative-emotion,trouble,5.348815179,High-frequency,11401,Noun,0.969787458,Noun.Verb.Name,4785,57.04577969
negative-emotion,fire,5.33287135,High-frequency,10990,Noun,0.745554036,Noun.Verb.Name,3948,47.06723891
negative-emotion,hate,5.331049908,High-frequency,10944,Verb,0.946319159,Verb.Noun,4752,56.65236052
negative-emotion,line,5.31368472,High-frequency,10515,Noun,0.948115004,Noun.Verb.Preposition.Name,4539,54.1130186
negative-emotion,cool,5.291443101,High-frequency,9990,Adjective,0.837258242,Adjective.Verb.Adverb.Noun.Name,3670,43.75298045
negative-emotion,bed,5.271564573,High-frequency,9543,Noun,0.996955061,Noun.Verb,4113,49.03433476
negative-emotion,answer,5.245448884,High-frequency,8986,Verb,0.541049348,Verb.Noun.Preposition,4344,51.78826896
negative-emotion,war,5.241858049,High-frequency,8912,Noun,0.999663224,Noun.Name,2546,30.35288507
negative-emotion,bet,5.234536511,High-frequency,8763,Verb,0.852655625,Verb.Noun,3981,47.46065808
negative-emotion,sick,5.218073663,High-frequency,8437,Adjective,0.974757051,Adjective.Noun,3867,46.10157368
negative-emotion,light,5.217455597,High-frequency,8425,Noun,0.664645023,Noun.Adjective.Verb.Preposition.Adverb.Name,3924,46.78111588
negative-emotion,able,5.203311359,High-frequency,8155,Adjective,1,Adjective,4285,51.08488317
negative-emotion,promise,5.184485176,High-frequency,7809,Verb,0.826282051,Verb.Noun.Name,3874,46.18502623
negative-emotion,hang,5.168975032,High-frequency,7535,Verb,0.977937267,Verb.Noun,3879,46.24463519
negative-emotion,catch,5.131437872,High-frequency,6911,Verb,0.894202899,Verb.Noun,3765,44.88555079
negative-emotion,sense,5.119397253,High-frequency,6722,Noun,0.930443849,Noun.Verb,3839,45.76776347
negative-emotion,drop,5.11543877,High-frequency,6661,Verb,0.835366772,Verb.Noun,3548,42.2985217
negative-emotion,mad,5.054137505,High-frequency,5784,Adjective,1,Adjective,2965,35.34811636
negative-emotion,secret,5.038935074,High-frequency,5585,Noun,0.500897022,Noun.Adjective,2847,33.94134478
negative-emotion,pass,5.033379659,High-frequency,5514,Verb,0.747511312,Verb.Noun,3148,37.52980448
negative-emotion,wake,5.021565737,High-frequency,5366,Verb,0.957057506,Verb.Noun.Name,2929,34.91893181
negative-emotion,pain,4.990456572,High-frequency,4995,Noun,0.991964644,Noun.Verb,2568,30.61516452
negative-emotion,honor,4.983180906,High-frequency,4912,Noun,0.884435402,Noun.Verb.Name,1887,22.49642346
negative-emotion,security,4.974069499,High-frequency,4810,Noun,0.999582812,Noun.Name,2046,24.39198856
negative-emotion,bob,4.960871943,High-frequency,4666,Name,0.956025005,Name.Noun.Verb,968,11.54029566
negative-emotion,dark,4.946972577,High-frequency,4519,Adjective,0.588716814,Adjective.Noun.Name,2629,31.3423939
negative-emotion,ice,4.900146185,High-frequency,4057,Noun,0.991364421,Noun.Verb.Name,1974,23.53361946
negative-emotion,deep,4.882564548,High-frequency,3896,Adjective,0.520586722,Adjective.Adverb.Noun.Name,2454,29.25608011
negative-emotion,attack,4.877745852,High-frequency,3853,Noun,0.694941634,Noun.Verb,1957,23.33094897
negative-emotion,scene,4.872531082,High-frequency,3807,Noun,1,Noun,1771,21.11349547
negative-emotion,force,4.848739411,High-frequency,3604,Noun,0.768974145,Noun.Verb,1985,23.66475918
negative-emotion,fear,4.838870042,High-frequency,3523,Noun,0.598921374,Noun.Verb.Preposition.Name,1912,22.79446829
negative-emotion,suit,4.835902186,High-frequency,3499,Noun,0.798454051,Noun.Verb,1942,23.15212208
negative-emotion,bother,4.828013674,High-frequency,3436,Verb,0.963297408,Verb.Noun,2383,28.40963281
negative-emotion,nervous,4.826621501,High-frequency,3425,Adjective,1,Adjective,2105,25.09537434
negative-emotion,agree,4.810216458,High-frequency,3298,Verb,1,Verb,2264,26.99093944
negative-emotion,pardon,4.810084793,High-frequency,3297,Noun,0.603595369,Noun.Verb.Name,1788,21.31616595
negative-emotion,sad,4.801439847,High-frequency,3232,Adjective,1,Adjective,2003,23.87935145
negative-emotion,guilty,4.793988035,High-frequency,3177,Adjective,0.999685436,Adjective.Noun,1538,18.33571769
negative-emotion,arrest,4.774421912,High-frequency,3037,Noun,0.560092196,Noun.Verb.Name,1691,20.15975203
negative-emotion,low,4.771409452,High-frequency,3016,Adjective,0.898203593,Adjective.Adverb.Noun.Name.Verb,2041,24.33237959
negative-emotion,angry,4.77025633,High-frequency,3008,Adjective,0.999666889,Adjective.Noun,1864,22.22222222
negative-emotion,hole,4.764590591,High-frequency,2969,Noun,0.993254637,Noun.Verb,1755,20.92274678
negative-emotion,fit,4.759885934,High-frequency,2937,Verb,0.67506812,Verb.Adjective.Noun,2090,24.91654745
negative-emotion,wild,4.75781151,High-frequency,2923,Adjective,0.947548852,Adjective.Adverb.Noun.Name,1777,21.18502623
negative-emotion,track,4.745763734,High-frequency,2843,Noun,0.729968232,Noun.Verb.Name,1772,21.12541726
negative-emotion,pressure,4.724803433,High-frequency,2709,Noun,0.974482249,Noun.Verb,1655,19.73056748
negative-emotion,support,4.704798414,High-frequency,2587,Noun,0.515643105,Noun.Verb.Preposition,1658,19.76633286
negative-emotion,bottom,4.697863087,High-frequency,2546,Noun,0.755992141,Noun.Adjective.Verb.Name,1778,21.19694802
negative-emotion,match,4.693579224,High-frequency,2521,Noun,0.639253079,Noun.Verb,1557,18.56223176
negative-emotion,hiding,4.635833211,High-frequency,2207,Verb,0.940163191,Verb.Noun.Adjective,1567,18.68144969
negative-emotion,settle,4.623058923,High-frequency,2143,Verb,0.998596163,Verb.Noun,1526,18.19265618
negative-emotion,lonely,4.619397402,High-frequency,2125,Adjective,1,Adjective,1364,16.2613257
negative-emotion,shame,4.618374811,High-frequency,2120,Noun,0.927556818,Noun.Verb,1519,18.10920362
negative-emotion,heat,4.602527454,High-frequency,2044,Noun,0.904645477,Noun.Verb,1315,15.67715784
negative-emotion,freak,4.564835414,High-frequency,1874,Noun,0.581283422,Noun.Verb.Adjective.Name,1198,14.28230806
negative-emotion,ghost,4.56297846,High-frequency,1866,Noun,0.987075929,Noun.Name.Verb,764,9.108249881
negative-emotion,weight,4.559240561,High-frequency,1850,Noun,0.992969173,Noun.Verb,1296,15.45064378
negative-emotion,scare,4.525591505,High-frequency,1712,Verb,0.888564761,Verb.Noun,1261,15.03338102
negative-emotion,crack,4.516108156,High-frequency,1675,Noun,0.526598924,Noun.Verb.Adjective,1192,14.2107773
negative-emotion,confused,4.510369647,High-frequency,1653,Verb,0.554748941,Verb.Adjective,1268,15.11683357
negative-emotion,square,4.501617157,High-frequency,1620,Noun,0.497220506,Noun.Adjective.Verb.Adverb.Name,1072,12.78016214
negative-emotion,storm,4.4891147,High-frequency,1574,Noun,0.941475827,Noun.Verb.Name,826,9.847401049
negative-emotion,score,4.483005598,High-frequency,1552,Noun,0.625564881,Noun.Verb,977,11.6475918
negative-emotion,alarm,4.474534045,High-frequency,1522,Noun,0.851315789,Noun.Verb,898,10.70577015
negative-emotion,load,4.465311786,High-frequency,1490,Noun,0.674949631,Noun.Verb,1096,13.06628517
negative-emotion,shock,4.458855938,High-frequency,1468,Noun,0.882833787,Noun.Verb,1085,12.93514545
negative-emotion,joy,4.455293694,High-frequency,1456,Noun,0.773167358,Noun.Name,923,11.00381497
negative-emotion,pride,4.441668839,High-frequency,1411,Noun,0.924005682,Noun.Verb.Name,936,11.15879828
negative-emotion,joint,4.439819463,High-frequency,1405,Adjective,0.815658363,Adjective.Noun,898,10.70577015
negative-emotion,wire,4.43920125,High-frequency,1403,Noun,0.880171184,Noun.Verb.Name,819,9.763948498
negative-emotion,regret,4.433283916,High-frequency,1384,Verb,0.811279826,Verb.Noun.Name,1027,12.24368145
negative-emotion,wound,4.423452806,High-frequency,1353,Noun,0.641006662,Noun.Verb,937,11.17072008
negative-emotion,concern,4.416664292,High-frequency,1332,Noun,0.774700599,Noun.Verb,1068,12.73247496
negative-emotion,quarter,4.415032217,High-frequency,1327,Noun,0.993217784,Noun.Verb,917,10.93228422
negative-emotion,desperate,4.409436834,High-frequency,1310,Adjective,1,Adjective,981,11.69527897
negative-emotion,stock,4.406111439,High-frequency,1300,Noun,0.977623457,Noun.Verb.Name.Adjective,775,9.239389604
negative-emotion,equipment,4.405443293,High-frequency,1298,Noun,1,Noun,849,10.12160229
negative-emotion,mercy,4.403096656,High-frequency,1291,Noun,0.99689441,Noun.Name,785,9.358607535
negative-emotion,outfit,4.399383272,High-frequency,1280,Noun,1,Noun,838,9.990462566
negative-emotion,valley,4.397684817,High-frequency,1275,Noun,0.938679245,Noun.Name,600,7.153075823
negative-emotion,happiness,4.388744155,High-frequency,1249,Noun,0.998393574,Noun.Name,842,10.03814974
negative-emotion,channel,4.387352184,High-frequency,1245,Noun,0.908286404,Noun.Verb.Name,726,8.655221745
negative-emotion,pathetic,4.3835011,High-frequency,1234,Adjective,1,Adjective,931,11.09918932
negative-emotion,tail,4.378193973,High-frequency,1219,Noun,0.966365874,Noun.Verb,821,9.787792084
negative-emotion,pity,4.371015388,High-frequency,1199,Noun,0.79966611,Noun.Verb,835,9.954697186
negative-emotion,robbery,4.362241464,High-frequency,1175,Noun,0.999136442,Noun.Name,568,6.771578445
negative-emotion,violence,4.361502239,High-frequency,1173,Noun,1,Noun,766,9.132093467
negative-emotion,mystery,4.360761754,High-frequency,1171,Noun,0.997435897,Noun.Name,837,9.978540773
negative-emotion,suffer,4.352154171,High-frequency,1148,Verb,1,Verb,898,10.70577015
negative-emotion,understanding,4.340275946,High-frequency,1117,Noun,0.698028674,Noun.Verb.Adjective,895,10.67000477
negative-emotion,panic,4.33910901,High-frequency,1114,Noun,0.515695067,Noun.Verb,792,9.442060086
negative-emotion,miserable,4.33204077,High-frequency,1096,Adjective,1,Adjective,854,10.18121125
negative-emotion,shadow,4.325659836,High-frequency,1080,Noun,0.935393258,Noun.Verb.Name,624,7.439198856
negative-emotion,horn,4.323646413,High-frequency,1075,Noun,0.969216418,Noun.Name,586,6.98617072
negative-emotion,threat,4.317140007,High-frequency,1059,Noun,1,Noun,757,9.02479733
negative-emotion,ruth,4.315086602,High-frequency,1054,Name,0.987642586,Name.Noun,208,2.479732952
negative-emotion,bury,4.315086602,High-frequency,1054,Verb,0.992417062,Verb.Name,757,9.02479733
negative-emotion,alert,4.313849882,High-frequency,1051,Adjective,0.531874405,Adjective.Verb.Noun,658,7.844539819
negative-emotion,passion,4.295725308,High-frequency,1008,Noun,1,Noun,724,8.631378159
negative-emotion,confidence,4.289220527,High-frequency,993,Noun,1,Noun,751,8.953266571
negative-emotion,suffering,4.288345814,High-frequency,991,Verb,0.478787879,Verb.Noun.Adjective,755,9.000953743
negative-emotion,anger,4.288345814,High-frequency,991,Noun,0.811301715,Noun.Verb.Name,639,7.618025751
negative-emotion,trace,4.287469337,High-frequency,989,Noun,0.524291498,Noun.Verb,699,8.333333333
negative-emotion,mouse,4.28128396,High-frequency,975,Noun,0.927748691,Noun.Name,400,4.768717215
negative-emotion,scratch,4.275009214,High-frequency,961,Verb,0.546305931,Verb.Noun.Name,734,8.75059609
negative-emotion,impression,4.268184121,High-frequency,946,Noun,1,Noun,787,9.382451121
negative-emotion,shy,4.264036981,High-frequency,937,Adjective,0.922912206,Adjective.Verb.Noun,694,8.273724368
negative-emotion,cruel,4.263573733,High-frequency,936,Adjective,1,Adjective,690,8.226037196
negative-emotion,saint,4.253255236,High-frequency,914,Name,0.560307018,Name.Noun,504,6.008583691
negative-emotion,tunnel,4.25230492,High-frequency,912,Noun,0.964873765,Noun.Verb,445,5.305197902
negative-emotion,kit,4.246558933,High-frequency,900,Noun,0.997775306,Noun.Name,424,5.054840248
negative-emotion,agreement,4.242685601,High-frequency,892,Noun,1,Noun,603,7.188841202
negative-emotion,darkness,4.242685601,High-frequency,892,Noun,1,Noun,567,6.759656652
negative-emotion,flag,4.242685601,High-frequency,892,Noun,0.978675645,Noun.Verb,497,5.92513114
negative-emotion,sink,4.228347885,High-frequency,863,Noun,0.507531866,Noun.Verb.Name,646,7.701478302
negative-emotion,sneak,4.227341408,High-frequency,861,Verb,0.93255814,Verb.Noun,737,8.786361469
negative-emotion,crush,4.22532143,High-frequency,857,Noun,0.579254079,Noun.Verb,625,7.451120649
negative-emotion,violent,4.221763702,High-frequency,850,Adjective,1,Adjective,679,8.094897473
negative-emotion,unhappy,4.218176589,High-frequency,843,Adjective,1,Adjective,622,7.415355269
negative-emotion,offense,4.216630138,High-frequency,840,Noun,0.960384154,Noun.Verb.Name,692,8.249880782
negative-emotion,chill,4.210388673,High-frequency,828,Noun,0.518159806,Noun.Verb.Adjective,540,6.43776824
negative-emotion,worrying,4.209864479,High-frequency,827,Adjective,0.724514563,Adjective.Verb,688,8.20219361
negative-emotion,blast,4.208814189,High-frequency,825,Noun,0.552184466,Noun.Verb,598,7.129232237
negative-emotion,rape,4.204056199,High-frequency,816,Noun,0.670761671,Noun.Verb,387,4.613733906
negative-emotion,torture,4.201924688,High-frequency,812,Noun,0.501234568,Noun.Verb,559,6.664282308
negative-emotion,uncomfortable,4.194380921,High-frequency,798,Adjective,1,Adjective,645,7.689556509
negative-emotion,surrender,4.189461233,High-frequency,789,Verb,0.762991128,Verb.Noun,438,5.221745351
negative-emotion,patience,4.186703799,High-frequency,784,Noun,0.996163683,Noun.Name,573,6.831187411
negative-emotion,flash,4.186150205,High-frequency,783,Noun,0.567049808,Noun.Verb.Adjective.Name,578,6.890796376
negative-emotion,privacy,4.181135845,High-frequency,774,Noun,1,Noun,618,7.367668097
negative-emotion,sore,4.176062912,High-frequency,765,Adjective,0.9672346,Adjective.Noun,569,6.783500238
negative-emotion,balance,4.175495577,High-frequency,764,Noun,0.870249017,Noun.Verb,604,7.200762995
negative-emotion,angle,4.173789113,High-frequency,761,Noun,0.961942257,Noun.Verb,557,6.640438722
negative-emotion,guilt,4.173218799,High-frequency,760,Noun,1,Noun,574,6.843109204
negative-emotion,scotch,4.168629118,High-frequency,752,Noun,0.880319149,Noun.Adjective.Verb,478,5.698617072
negative-emotion,pattern,4.160478581,High-frequency,738,Noun,0.997286296,Noun.Verb,522,6.223175966
negative-emotion,foul,4.160478581,High-frequency,738,Adjective,0.514905149,Adjective.Noun.Verb,468,5.579399142
negative-emotion,coward,4.158121481,High-frequency,734,Noun,0.909090909,Noun.Name,518,6.175488794
negative-emotion,prick,4.149769407,High-frequency,720,Noun,0.704735376,Noun.Verb.Name,484,5.77014783
negative-emotion,anxious,4.149166639,High-frequency,719,Adjective,1,Adjective,605,7.212684788
negative-emotion,conscience,4.143092491,High-frequency,709,Noun,1,Noun,518,6.175488794
negative-emotion,commission,4.139406801,High-frequency,703,Noun,0.967236467,Noun.Verb,435,5.185979971
negative-emotion,steam,4.128790879,High-frequency,686,Noun,0.97080292,Noun.Verb.Name,408,4.864091559
negative-emotion,pit,4.121137915,High-frequency,674,Noun,0.967213115,Noun.Verb.Name,450,5.364806867
negative-emotion,despite,4.114002222,High-frequency,663,Preposition,1,Preposition,554,6.604673343
negative-emotion,sack,4.111378078,High-frequency,659,Noun,0.837386018,Noun.Verb.Name,504,6.008583691
negative-emotion,troy,4.095973574,High-frequency,636,Name,0.988906498,Name.Noun,100,1.192179304
negative-emotion,hollow,4.085624527,High-frequency,621,Noun,0.394184168,Noun.Adjective.Verb.Name,298,3.552694325
negative-emotion,terrorist,4.082822617,High-frequency,617,Adjective,0.561688312,Adjective.Noun.Name,313,3.731521221
negative-emotion,crawl,4.080709258,High-frequency,614,Verb,0.867862969,Verb.Noun,469,5.591320935
negative-emotion,cloud,4.069985393,High-frequency,599,Noun,0.904841402,Noun.Verb.Name,388,4.625655699
negative-emotion,spoil,4.065620587,High-frequency,593,Verb,0.971137521,Verb.Noun,502,5.984740105
negative-emotion,discovery,4.058990008,High-frequency,584,Noun,1,Noun,337,4.017644254
negative-emotion,temper,4.057502697,High-frequency,582,Noun,0.979345955,Noun.Verb,444,5.293276109
negative-emotion,defeat,4.056010275,High-frequency,580,Verb,0.630584192,Verb.Noun,403,4.804482594
negative-emotion,rage,4.053761981,High-frequency,577,Noun,0.942206655,Noun.Verb,407,4.852169766
negative-emotion,creep,4.050746035,High-frequency,573,Noun,0.646234676,Noun.Verb,432,5.150214592
negative-emotion,creepy,4.046946409,High-frequency,568,Adjective,1,Adjective,445,5.305197902
negative-emotion,helpless,4.046946409,High-frequency,568,Adjective,1,Adjective,438,5.221745351
negative-emotion,bitter,4.046946409,High-frequency,568,Adjective,0.984182777,Adjective.Noun,456,5.436337625
negative-emotion,annoying,4.046182478,High-frequency,567,Adjective,0.918584071,Adjective.Verb,454,5.412494039
negative-emotion,grief,4.034559273,High-frequency,552,Noun,1,Noun,450,5.364806867
negative-emotion,collar,4.021808428,High-frequency,536,Noun,0.958955224,Noun.Verb,392,4.673342871
negative-emotion,twin,4.018561351,High-frequency,532,Noun,0.866541353,Noun.Adjective.Name.Verb,339,4.04148784
negative-emotion,worthy,4.014468065,High-frequency,527,Adjective,0.891634981,Adjective.Noun,416,4.959465904
negative-emotion,misery,4.013644757,High-frequency,526,Noun,0.996190476,Noun.Name,381,4.542203147
negative-emotion,blues,4.011165429,High-frequency,523,Noun,0.994263862,Noun.Verb.Name,320,3.814973772
negative-emotion,raw,4.007837486,High-frequency,519,Adjective,1,Adjective,438,5.221745351
negative-emotion,burden,3.992537859,High-frequency,501,Noun,0.924151697,Noun.Verb.Name,391,4.661421078
negative-emotion,humble,3.991671868,High-frequency,500,Adjective,0.949799197,Adjective.Verb,374,4.458750596
negative-emotion,envy,3.980253964,High-frequency,487,Verb,0.706365503,Verb.Noun.Name,406,4.840247973
negative-emotion,fog,3.975781273,High-frequency,482,Noun,0.991683992,Noun.Verb,215,2.563185503
negative-emotion,chaos,3.97307538,High-frequency,479,Noun,0.997929607,Noun.Name,347,4.136862184
negative-emotion,horror,3.963006985,High-frequency,468,Noun,1,Noun,335,3.993800668
negative-emotion,dale,3.958352123,High-frequency,463,Name,0.616557734,Name.Noun,105,1.251788269
negative-emotion,crawling,3.957415133,High-frequency,462,Verb,0.912663755,Verb.Adjective,389,4.637577492
negative-emotion,kindness,3.955535068,High-frequency,460,Noun,1,Noun,349,4.16070577
negative-emotion,terror,3.954591974,High-frequency,459,Noun,1,Noun,319,3.803051979
negative-emotion,hostile,3.951750342,High-frequency,456,Adjective,1,Adjective,319,3.803051979
negative-emotion,hopeless,3.951750342,High-frequency,456,Adjective,1,Adjective,364,4.339532666
negative-emotion,tender,3.948889995,High-frequency,453,Adjective,0.884700665,Adjective.Verb.Noun,380,4.530281354
negative-emotion,embarrass,3.946010684,High-frequency,450,Verb,1,Verb,378,4.506437768
negative-emotion,rig,3.936272732,High-frequency,440,Noun,0.585421412,Noun.Verb,268,3.195040534
negative-emotion,tension,3.932315579,High-frequency,436,Noun,1,Noun,356,4.244158321
negative-emotion,threaten,3.931320631,High-frequency,435,Verb,1,Verb,372,4.43490701
negative-emotion,burst,3.931320631,High-frequency,435,Verb,0.745995423,Verb.Noun.Adjective,366,4.363376252
negative-emotion,madness,3.927317889,High-frequency,431,Noun,1,Noun,337,4.017644254
negative-emotion,thrill,3.925302598,High-frequency,429,Noun,0.791569087,Noun.Verb,351,4.184549356
negative-emotion,approval,3.924291434,High-frequency,428,Noun,1,Noun,333,3.969957082
negative-emotion,plague,3.920223072,High-frequency,424,Noun,0.92,Noun.Verb,254,3.028135432
negative-emotion,smash,3.917146593,High-frequency,421,Verb,0.719714964,Verb.Noun,315,3.755364807
negative-emotion,instrument,3.908834483,High-frequency,413,Noun,1,Noun,313,3.731521221
negative-emotion,worship,3.904617999,High-frequency,409,Verb,0.638141809,Verb.Noun,294,3.505007153
negative-emotion,pale,3.904617999,High-frequency,409,Adjective,0.997555012,Adjective.Verb,333,3.969957082
negative-emotion,disgrace,3.904617999,High-frequency,409,Noun,0.919117647,Noun.Verb,336,4.005722461
negative-emotion,depression,3.901428551,High-frequency,406,Noun,0.997530864,Noun.Name,304,3.624225083
negative-emotion,dip,3.901428551,High-frequency,406,Verb,0.608374384,Verb.Noun.Name,317,3.779208393
negative-emotion,forgiveness,3.900360176,High-frequency,405,Noun,0.962406015,Noun.Name,299,3.564616118
negative-emotion,sickness,3.900360176,High-frequency,405,Noun,1,Noun,321,3.826895565
negative-emotion,aggressive,3.900360176,High-frequency,405,Adjective,1,Adjective,323,3.850739151
negative-emotion,saddle,3.893894133,High-frequency,399,Noun,0.706766917,Noun.Verb.Name,265,3.159275155
negative-emotion,gratitude,3.889529328,High-frequency,395,Noun,0.994897959,Noun.Name,338,4.029566047
negative-emotion,shaft,3.887330364,High-frequency,393,Noun,0.936386768,Noun.Name.Verb,204,2.43204578
negative-emotion,passage,3.8840109,High-frequency,390,Noun,1,Noun,291,3.469241774
negative-emotion,spite,3.881783743,High-frequency,388,Preposition,0.701030928,Preposition.Noun.Verb,336,4.005722461
negative-emotion,float,3.873897505,High-frequency,381,Verb,0.724409449,Verb.Noun,308,3.671912256
negative-emotion,suspicion,3.864705744,High-frequency,373,Noun,0.983957219,Noun.Name,308,3.671912256
negative-emotion,armor,3.863542974,High-frequency,372,Noun,0.989276139,Noun.Name,197,2.348593228
negative-emotion,distress,3.862377082,High-frequency,371,Noun,1,Noun,262,3.123509776
negative-emotion,glen,3.856500206,High-frequency,366,Name,0.931318681,Name.Noun,105,1.251788269
negative-emotion,confusion,3.852935526,High-frequency,363,Noun,0.997245179,Noun.Name,314,3.743443014
negative-emotion,harsh,3.851740767,High-frequency,362,Adjective,1,Adjective,314,3.743443014
negative-emotion,hysterical,3.851740767,High-frequency,362,Adjective,1,Adjective,304,3.624225083
negative-emotion,cooler,3.849341344,High-frequency,360,Noun,0.566666667,Noun.Adjective,279,3.326180258
negative-emotion,sorrow,3.837141259,High-frequency,350,Noun,1,Noun,243,2.896995708
negative-emotion,anxiety,3.830910241,High-frequency,345,Noun,1,Noun,265,3.159275155
negative-emotion,disagree,3.82203384,High-frequency,338,Verb,1,Verb,308,3.671912256
negative-emotion,greedy,3.82203384,High-frequency,338,Adjective,0.99704142,Adjective.Noun,281,3.350023844
negative-emotion,innocence,3.819464043,High-frequency,336,Noun,1,Noun,247,2.94468288
negative-emotion,siren,3.816878949,High-frequency,334,Noun,1,Noun,229,2.730090606
negative-emotion,riot,3.812972226,High-frequency,331,Noun,0.957703927,Noun.Verb,252,3.004291845
negative-emotion,stew,3.80903004,High-frequency,328,Noun,0.887195122,Noun.Verb.Name,212,2.527420124
negative-emotion,offensive,3.807707986,High-frequency,327,Adjective,0.938650307,Adjective.Noun,251,2.992370052
negative-emotion,click,3.807707986,High-frequency,327,Verb,0.604294479,Verb.Noun,220,2.622794468
negative-emotion,creeps,3.807707986,High-frequency,327,Noun,0.806748466,Noun.Verb,283,3.37386743
negative-emotion,torpedo,3.806381895,High-frequency,326,Noun,0.929012346,Noun.Verb.Name,81,0.965665236
negative-emotion,frighten,3.803717503,High-frequency,324,Verb,1,Verb,267,3.183118741
negative-emotion,chap,3.803717503,High-frequency,324,Noun,0.990769231,Noun.Verb,228,2.718168813
negative-emotion,depressing,3.803717503,High-frequency,324,Adjective,0.956656347,Adjective.Verb,278,3.314258464
negative-emotion,liking,3.798339175,High-frequency,320,Verb,0.717868339,Verb.Noun,290,3.457319981
negative-emotion,compassion,3.79698412,High-frequency,319,Noun,1,Noun,265,3.159275155
negative-emotion,brat,3.794261262,High-frequency,317,Noun,1,Noun,228,2.718168813
negative-emotion,bluff,3.794261262,High-frequency,317,Noun,0.666666667,Noun.Verb,215,2.563185503
negative-emotion,pinch,3.78737848,High-frequency,312,Noun,0.506410256,Noun.Verb,261,3.111587983
negative-emotion,dash,3.781792622,High-frequency,308,Noun,0.668831169,Noun.Verb.Name,220,2.622794468
negative-emotion,furious,3.778972518,High-frequency,306,Adjective,1,Adjective,251,2.992370052
negative-emotion,shade,3.776133981,High-frequency,304,Noun,0.970394737,Noun.Verb,252,3.004291845
negative-emotion,holler,3.771841085,High-frequency,301,Verb,0.757475083,Verb.Noun.Name,228,2.718168813
negative-emotion,harassment,3.770400638,High-frequency,300,Noun,1,Noun,188,2.241297091
negative-emotion,despair,3.768955397,High-frequency,299,Noun,0.781879195,Noun.Verb,239,2.849308536
negative-emotion,sour,3.766050406,High-frequency,297,Adjective,0.929530201,Adjective.Verb,250,2.980448259
negative-emotion,frightening,3.761656158,High-frequency,294,Adjective,0.887372014,Adjective.Verb,257,3.063900811
negative-emotion,jealousy,3.760181473,High-frequency,293,Noun,0.996587031,Noun.Name,229,2.730090606
negative-emotion,resent,3.760181473,High-frequency,293,Verb,1,Verb,241,2.873152122
negative-emotion,tease,3.755727131,High-frequency,290,Verb,0.703448276,Verb.Noun,242,2.885073915
negative-emotion,satisfy,3.749716039,High-frequency,286,Verb,1,Verb,256,3.051979018
negative-emotion,fitting,3.748200175,High-frequency,285,Verb,0.433098592,Verb.Noun.Adjective,252,3.004291845
negative-emotion,hesitate,3.738992173,High-frequency,279,Verb,1,Verb,259,3.087744397
negative-emotion,hatred,3.734313911,High-frequency,276,Noun,1,Noun,217,2.587029089
negative-emotion,offence,3.729584705,High-frequency,273,Noun,1,Noun,220,2.622794468
negative-emotion,acceptable,3.723197906,High-frequency,269,Adjective,1,Adjective,243,2.896995708
negative-emotion,disrespect,3.719968936,High-frequency,267,Noun,0.711610487,Noun.Verb,224,2.67048164
negative-emotion,offend,3.718345404,High-frequency,266,Verb,1,Verb,220,2.622794468
negative-emotion,appreciation,3.710135433,High-frequency,261,Noun,1,Noun,238,2.837386743
negative-emotion,thorn,3.708474649,High-frequency,260,Name,0.694980695,Name.Noun,71,0.846447306
negative-emotion,resign,3.703453848,High-frequency,257,Verb,1,Verb,188,2.241297091
negative-emotion,contempt,3.701767265,High-frequency,256,Noun,1,Noun,190,2.265140677
negative-emotion,loneliness,3.700074107,High-frequency,255,Noun,1,Noun,207,2.467811159
negative-emotion,static,3.698374323,High-frequency,254,Adjective,0.874509804,Adjective.Noun,155,1.847877921
negative-emotion,sinking,3.694954663,High-frequency,252,Verb,0.68,Verb.Noun,186,2.217453505
negative-emotion,fuse,3.688033489,High-frequency,248,Noun,0.915662651,Noun.Verb,182,2.169766333
negative-emotion,loading,3.688033489,High-frequency,248,Verb,0.584677419,Verb.Noun,200,2.384358608
negative-emotion,embarrassment,3.686285823,High-frequency,247,Noun,1,Noun,222,2.646638054
negative-emotion,suitable,3.686285823,High-frequency,247,Adjective,1,Adjective,212,2.527420124
negative-emotion,greed,3.682769249,High-frequency,245,Noun,0.995918367,Noun.Name,192,2.288984263
negative-emotion,sadness,3.681000227,High-frequency,244,Noun,1,Noun,188,2.241297091
negative-emotion,fierce,3.681000227,High-frequency,244,Adjective,1,Adjective,192,2.288984263
negative-emotion,grain,3.679223968,High-frequency,243,Noun,1,Noun,179,2.134000954
negative-emotion,confuse,3.679223968,High-frequency,243,Verb,1,Verb,217,2.587029089
negative-emotion,invest,3.675649508,High-frequency,241,Verb,1,Verb,192,2.288984263
negative-emotion,humiliation,3.670232043,High-frequency,238,Noun,1,Noun,210,2.503576538
negative-emotion,ungrateful,3.664746145,High-frequency,235,Adjective,1,Adjective,205,2.443967573
negative-emotion,grasp,3.66105,High-frequency,233,Noun,0.52360515,Noun.Verb,202,2.408202194
negative-emotion,recognition,3.66105,High-frequency,233,Noun,1,Noun,199,2.372436814
negative-emotion,despise,3.655446122,High-frequency,230,Verb,1,Verb,192,2.288984263
negative-emotion,cult,3.649768989,High-frequency,227,Noun,1,Noun,142,1.692894611
negative-emotion,quarantine,3.649768989,High-frequency,227,Noun,0.859030837,Noun.Verb,91,1.084883166
negative-emotion,grudge,3.647859999,High-frequency,226,Noun,0.933333333,Noun.Verb.Name,186,2.217453505
negative-emotion,rhyme,3.645942581,High-frequency,225,Noun,0.629464286,Noun.Verb,160,1.907486886
negative-emotion,parallel,3.64401666,High-frequency,224,Adjective,0.571428571,Adjective.Noun.Adverb.Verb,164,1.955174058
negative-emotion,chilly,3.636226416,High-frequency,220,Adjective,1,Adjective,190,2.265140677
negative-emotion,collector,3.636226416,High-frequency,220,Noun,1,Noun,166,1.979017644
negative-emotion,boiling,3.626287893,High-frequency,215,Verb,0.562790698,Verb.Adjective,181,2.15784454
negative-emotion,teasing,3.626287893,High-frequency,215,Verb,0.75462963,Verb.Noun.Adjective,188,2.241297091
negative-emotion,humiliate,3.622247915,High-frequency,213,Verb,1,Verb,192,2.288984263
negative-emotion,groove,3.620213746,High-frequency,212,Noun,1,Noun,139,1.657129232
negative-emotion,bummer,3.620213746,High-frequency,212,Noun,1,Noun,184,2.193609919
negative-emotion,ruthless,3.618170003,High-frequency,211,Adjective,1,Adjective,165,1.967095851
negative-emotion,settling,3.616116597,High-frequency,210,Verb,0.980952381,Verb.Noun.Adjective,190,2.265140677
negative-emotion,terrorism,3.614053437,High-frequency,209,Noun,1,Noun,98,1.168335718
negative-emotion,phantom,3.611980428,High-frequency,208,Noun,0.596153846,Noun.Adjective,119,1.418693371
negative-emotion,insecure,3.609897477,High-frequency,207,Adjective,1,Adjective,172,2.050548402
negative-emotion,ounce,3.607804488,High-frequency,206,Noun,1,Noun,145,1.72865999
negative-emotion,impatient,3.607804488,High-frequency,206,Adjective,1,Adjective,183,2.181688126
negative-emotion,predict,3.60146431,High-frequency,203,Verb,1,Verb,179,2.134000954
negative-emotion,wager,3.59933018,High-frequency,202,Verb,0.50990099,Verb.Noun,140,1.669051025
negative-emotion,distraction,3.5950302,High-frequency,200,Noun,1,Noun,160,1.907486886
negative-emotion,dislike,3.5950302,High-frequency,200,Verb,0.798994975,Verb.Noun,169,2.014783023
negative-emotion,wrath,3.592864138,High-frequency,199,Noun,1,Noun,148,1.76442537
negative-emotion,fulfill,3.592864138,High-frequency,199,Verb,0.97979798,Verb.Noun.Name,166,1.979017644
negative-emotion,ira,3.590687219,High-frequency,198,Name,0.994923858,Name.Noun,46,0.54840248
negative-emotion,thrust,3.588499332,High-frequency,197,Verb,0.52284264,Verb.Noun,138,1.645207439
negative-emotion,fury,3.584090214,High-frequency,195,Noun,1,Noun,131,1.561754888
negative-emotion,slit,3.581868754,High-frequency,194,Verb,0.887179487,Verb.Noun,167,1.990939437
negative-emotion,resignation,3.575135371,High-frequency,191,Noun,1,Noun,135,1.60944206
negative-emotion,grind,3.572867509,High-frequency,190,Verb,0.763157895,Verb.Noun,166,1.979017644
negative-emotion,premonition,3.570587743,High-frequency,189,Noun,1,Noun,93,1.108726753
negative-emotion,wretched,3.561347086,High-frequency,185,Adjective,1,Adjective,149,1.776347163
negative-emotion,dent,3.549512717,High-frequency,180,Noun,0.827777778,Noun.Verb.Name,125,1.49022413
negative-emotion,heartless,3.547106647,High-frequency,179,Adjective,1,Adjective,130,1.549833095
negative-emotion,tally,3.544687173,High-frequency,178,Verb,0.539325843,Verb.Noun.Name,59,0.703385789
negative-emotion,merciful,3.544687173,High-frequency,178,Adjective,0.93258427,Adjective.Name,138,1.645207439
negative-emotion,secrecy,3.542254144,High-frequency,177,Noun,1,Noun,156,1.859799714
negative-emotion,breakthrough,3.53734681,High-frequency,175,Noun,1,Noun,150,1.788268956
negative-emotion,mourning,3.53734681,High-frequency,175,Noun,0.617977528,Noun.Verb,143,1.704816404
negative-emotion,fin,3.534872191,High-frequency,174,Noun,0.778409091,Noun.Name,68,0.810681927
negative-emotion,cruelty,3.514550613,High-frequency,166,Noun,1,Noun,139,1.657129232
negative-emotion,nuisance,3.509318086,High-frequency,164,Noun,1,Noun,142,1.692894611
negative-emotion,weirdo,3.504021747,High-frequency,162,Noun,0.993710692,Noun.Name,132,1.573676681
negative-emotion,funk,3.501349157,High-frequency,161,Noun,0.735849057,Noun.Verb.Name,78,0.929899857
negative-emotion,outrage,3.498660018,High-frequency,160,Noun,0.993670886,Noun.Name,144,1.716738197
negative-emotion,bosom,3.495954125,High-frequency,159,Noun,1,Noun,120,1.430615165
negative-emotion,jumpy,3.493231266,High-frequency,158,Adjective,0.981012658,Adjective.Name,142,1.692894611
negative-emotion,nauseous,3.493231266,High-frequency,158,Adjective,1,Adjective,135,1.60944206
negative-emotion,isolation,3.493231266,High-frequency,158,Noun,1,Noun,133,1.585598474
negative-emotion,trench,3.490491229,High-frequency,157,Noun,0.993670886,Noun.Name,102,1.21602289
negative-emotion,dwarf,3.490491229,High-frequency,157,Noun,0.974522293,Noun.Verb,93,1.108726753
negative-emotion,criticism,3.48495874,High-frequency,155,Noun,1,Noun,138,1.645207439
negative-emotion,remorse,3.48216584,High-frequency,154,Noun,1,Noun,121,1.442536958
negative-emotion,desperation,3.48216584,High-frequency,154,Noun,1,Noun,132,1.573676681
negative-emotion,frustration,3.476525573,High-frequency,152,Noun,1,Noun,136,1.621363853
negative-emotion,suited,3.476525573,High-frequency,152,Verb,0.927631579,Verb.Adjective,140,1.669051025
negative-emotion,cavity,3.476525573,High-frequency,152,Noun,1,Noun,123,1.466380544
negative-emotion,isolate,3.462095858,High-frequency,147,Verb,1,Verb,122,1.454458751
negative-emotion,ramp,3.462095858,High-frequency,147,Noun,1,Noun,101,1.204101097
negative-emotion,penitentiary,3.453202144,High-frequency,144,Noun,0.85915493,Noun.Name.Adjective,121,1.442536958
negative-emotion,insight,3.450196634,High-frequency,143,Noun,1,Noun,118,1.406771578
negative-emotion,aggression,3.450196634,High-frequency,143,Noun,1,Noun,109,1.299475441
negative-emotion,kettle,3.450196634,High-frequency,143,Noun,0.972027972,Noun.Name,119,1.418693371
negative-emotion,fright,3.444122487,High-frequency,141,Noun,1,Noun,113,1.347162613
negative-emotion,disgust,3.444122487,High-frequency,141,Noun,1,Noun,121,1.442536958
negative-emotion,revelation,3.441053255,High-frequency,140,Noun,1,Noun,108,1.287553648
negative-emotion,spook,3.441053255,High-frequency,140,Noun,0.492857143,Noun.Verb.Name,106,1.263710062
negative-emotion,creeping,3.441053255,High-frequency,140,Verb,0.841726619,Verb.Adjective,113,1.347162613
negative-emotion,hostility,3.437962178,High-frequency,139,Noun,1,Noun,116,1.382927992
negative-emotion,tod,3.437962178,High-frequency,139,Name,0.637681159,Name.Verb.Noun,19,0.226514068
negative-emotion,torment,3.437962178,High-frequency,139,Noun,0.664233577,Noun.Verb,118,1.406771578
negative-emotion,dumps,3.431713229,High-frequency,137,Noun,1,Noun,121,1.442536958
negative-emotion,icy,3.425373051,High-frequency,135,Adjective,1,Adjective,113,1.347162613
negative-emotion,delirious,3.425373051,High-frequency,135,Adjective,1,Adjective,104,1.239866476
negative-emotion,jug,3.422167911,High-frequency,134,Noun,1,Noun,75,0.894134478
negative-emotion,awe,3.422167911,High-frequency,134,Noun,0.820895522,Noun.Verb,95,1.132570339
negative-emotion,dilemma,3.418938941,High-frequency,133,Noun,1,Noun,114,1.359084406
negative-emotion,crater,3.415685783,High-frequency,132,Noun,0.727272727,Noun.Name,62,0.739151168
negative-emotion,spleen,3.412408073,High-frequency,131,Noun,1,Noun,91,1.084883166
negative-emotion,coordinate,3.409105438,High-frequency,130,Verb,0.930769231,Verb.Noun,112,1.33524082
negative-emotion,maze,3.409105438,High-frequency,130,Noun,0.8,Noun.Name.Verb,79,0.94182165
negative-emotion,anticipate,3.405777494,High-frequency,129,Verb,1,Verb,120,1.430615165
negative-emotion,tenderness,3.405777494,High-frequency,129,Noun,1,Noun,96,1.144492132
negative-emotion,mourn,3.405777494,High-frequency,129,Verb,1,Verb,117,1.394849785
negative-emotion,dread,3.402423852,High-frequency,128,Noun,0.531746032,Noun.Verb.Adjective.Name,104,1.239866476
negative-emotion,annoy,3.402423852,High-frequency,128,Verb,1,Verb,115,1.371006199
negative-emotion,reluctant,3.402423852,High-frequency,128,Adjective,1,Adjective,114,1.359084406
negative-emotion,provoke,3.399044112,High-frequency,127,Verb,0.992125984,Verb.Noun,111,1.323319027
negative-emotion,gloomy,3.385255827,High-frequency,123,Adjective,1,Adjective,99,1.180257511
negative-emotion,repent,3.385255827,High-frequency,123,Verb,1,Verb,77,0.917978064
negative-emotion,humility,3.381739254,High-frequency,122,Noun,1,Noun,97,1.156413925
negative-emotion,incision,3.378193973,High-frequency,121,Noun,1,Noun,95,1.132570339
negative-emotion,ufo,3.371015388,High-frequency,119,Noun,0.798319328,Noun.Name,48,0.572246066
negative-emotion,woe,3.371015388,High-frequency,119,Noun,1,Noun,86,1.025274201
negative-emotion,venom,3.371015388,High-frequency,119,Noun,1,Noun,64,0.762994754
negative-emotion,duplicate,3.363716149,High-frequency,117,Verb,0.41025641,Verb.Noun.Adjective,95,1.132570339
negative-emotion,edgy,3.360020004,High-frequency,116,Adjective,0.982758621,Adjective.Name,91,1.084883166
negative-emotion,hysteria,3.360020004,High-frequency,116,Noun,1,Noun,90,1.072961373
negative-emotion,correspondence,3.356292131,High-frequency,115,Noun,1,Noun,95,1.132570339
negative-emotion,suspense,3.352531982,High-frequency,114,Noun,1,Noun,106,1.263710062
negative-emotion,brutality,3.344912586,High-frequency,112,Noun,1,Noun,91,1.084883166
negative-emotion,heartbreak,3.344912586,High-frequency,112,Noun,1,Noun,77,0.917978064
negative-emotion,encouragement,3.344912586,High-frequency,112,Noun,1,Noun,106,1.263710062
negative-emotion,grieve,3.344912586,High-frequency,112,Verb,1,Verb,93,1.108726753
negative-emotion,cooling,3.344912586,High-frequency,112,Verb,0.535714286,Verb.Noun.Adjective,90,1.072961373
negative-emotion,melancholy,3.341052165,High-frequency,111,Adjective,0.558558559,Adjective.Noun,83,0.989508822
negative-emotion,fearful,3.337157121,High-frequency,110,Adjective,1,Adjective,93,1.108726753
negative-emotion,anguish,3.337157121,High-frequency,110,Noun,1,Noun,92,1.096804959
negative-emotion,nausea,3.337157121,High-frequency,110,Noun,1,Noun,89,1.06103958
negative-emotion,correspondent,3.337157121,High-frequency,110,Noun,1,Noun,76,0.906056271
negative-emotion,accommodate,3.333226827,High-frequency,109,Verb,1,Verb,106,1.263710062
negative-emotion,flute,3.32926064,High-frequency,108,Noun,1,Noun,71,0.846447306
negative-emotion,founder,3.32926064,High-frequency,108,Noun,0.972222222,Noun.Verb,90,1.072961373
negative-emotion,mischief,3.325257898,High-frequency,107,Noun,1,Noun,83,0.989508822
negative-emotion,uneasy,3.32121792,High-frequency,106,Adjective,1,Adjective,97,1.156413925
negative-emotion,loathe,3.32121792,High-frequency,106,Verb,1,Verb,95,1.132570339
negative-emotion,grinding,3.32121792,High-frequency,106,Verb,0.462264151,Verb.Noun.Adjective,71,0.846447306
negative-emotion,calculate,3.32121792,High-frequency,106,Verb,1,Verb,85,1.013352408
negative-emotion,appoint,3.313023441,High-frequency,104,Verb,1,Verb,89,1.06103958
negative-emotion,frenzy,3.308867481,High-frequency,103,Noun,1,Noun,86,1.025274201
negative-emotion,repulsive,3.308867481,High-frequency,103,Adjective,0.980582524,Adjective.Name,88,1.049117787
negative-emotion,solitude,3.304671367,High-frequency,102,Noun,0.97029703,Noun.Name,91,1.084883166
negative-emotion,gall,3.300434314,High-frequency,101,Noun,0.861386139,Noun.Verb,82,0.977587029
negative-emotion,wormhole,3.287469337,High-frequency,98,Noun,0.989795918,Noun.Name,28,0.333810205
negative-emotion,stun,3.278605876,High-frequency,96,Noun,0.635416667,Noun.Verb.Name,67,0.798760134
negative-emotion,forecast,3.278605876,High-frequency,96,Noun,0.864583333,Noun.Verb,74,0.882212685
negative-emotion,wrinkle,3.278605876,High-frequency,96,Noun,0.625,Noun.Verb,81,0.965665236
negative-emotion,basin,3.278605876,High-frequency,96,Noun,0.96875,Noun.Name,68,0.810681927
negative-emotion,confidentiality,3.274105375,High-frequency,95,Noun,1,Noun,74,0.882212685
negative-emotion,hesitation,3.269557747,High-frequency,94,Noun,1,Noun,85,1.013352408
negative-emotion,wan,3.269557747,High-frequency,94,Verb,0.997216961,Verb.Adjective.Noun,59,0.703385789
negative-emotion,ravine,3.269557747,High-frequency,94,Noun,0.904255319,Noun.Name,41,0.488793515
negative-emotion,murderous,3.264961996,High-frequency,93,Adjective,1,Adjective,84,1.001430615
negative-emotion,incense,3.260317091,High-frequency,92,Noun,1,Noun,70,0.834525513
negative-emotion,compassionate,3.255621969,High-frequency,91,Adjective,1,Adjective,86,1.025274201
negative-emotion,overload,3.255621969,High-frequency,91,Noun,0.648351648,Noun.Verb.Name,70,0.834525513
negative-emotion,rue,3.250875534,High-frequency,90,Name,0.677777778,Name.Verb.Noun,63,0.751072961
negative-emotion,fitness,3.246076652,High-frequency,89,Noun,1,Noun,61,0.727229375
negative-emotion,meek,3.241224149,High-frequency,88,Adjective,1,Adjective,73,0.870290892
negative-emotion,intimidate,3.236316814,High-frequency,87,Verb,1,Verb,83,0.989508822
negative-emotion,resemble,3.236316814,High-frequency,87,Verb,1,Verb,64,0.762994754
negative-emotion,omen,3.236316814,High-frequency,87,Noun,1,Noun,60,0.715307582
negative-emotion,simmer,3.236316814,High-frequency,87,Verb,1,Verb,77,0.917978064
negative-emotion,shadowy,3.231353395,High-frequency,86,Adjective,1,Adjective,82,0.977587029
negative-emotion,armour,3.231353395,High-frequency,86,Noun,0.860465116,Noun.Verb,60,0.715307582
negative-emotion,plumb,3.231353395,High-frequency,86,Adverb,0.523255814,Adverb.Verb.Adjective.Noun.Name,63,0.751072961
negative-emotion,accord,3.216113428,High-frequency,83,Noun,0.815789474,Noun.Verb.Preposition,66,0.78683834
negative-emotion,shivering,3.210912235,High-frequency,82,Verb,0.914634146,Verb.Name.Noun.Adjective,70,0.834525513
negative-emotion,chilling,3.210912235,High-frequency,82,Adjective,0.902439024,Adjective.Verb,70,0.834525513
negative-emotion,frail,3.205647995,High-frequency,81,Adjective,1,Adjective,70,0.834525513
negative-emotion,agreeable,3.205647995,High-frequency,81,Adjective,1,Adjective,70,0.834525513
negative-emotion,muzzle,3.205647995,High-frequency,81,Noun,0.790123457,Noun.Verb,71,0.846447306
negative-emotion,malicious,3.200319161,High-frequency,80,Adjective,1,Adjective,76,0.906056271
negative-emotion,unfit,3.194924129,High-frequency,79,Adjective,0.962025316,Adjective.Verb,68,0.810681927
negative-emotion,optimism,3.194924129,High-frequency,79,Noun,0.987341772,Noun.Name,74,0.882212685
negative-emotion,revolt,3.194924129,High-frequency,79,Noun,0.620253165,Noun.Verb,62,0.739151168
negative-emotion,ferocious,3.194924129,High-frequency,79,Adjective,1,Adjective,66,0.78683834
negative-emotion,shiver,3.189461233,High-frequency,78,Verb,0.628205128,Verb.Noun,50,0.596089652
negative-emotion,rut,3.189461233,High-frequency,78,Noun,0.935897436,Noun.Verb.Name,44,0.524558894
negative-emotion,timid,3.183928745,High-frequency,77,Adjective,1,Adjective,62,0.739151168
negative-emotion,haze,3.183928745,High-frequency,77,Noun,0.831168831,Noun.Name,47,0.560324273
negative-emotion,conditioned,3.178324867,High-frequency,76,Verb,0.746666667,Verb.Adjective,63,0.751072961
negative-emotion,oppression,3.178324867,High-frequency,76,Noun,1,Noun,63,0.751072961
negative-emotion,resentment,3.178324867,High-frequency,76,Noun,1,Noun,69,0.82260372
negative-emotion,deadwood,3.178324867,High-frequency,76,Name,0.75,Name.Noun,35,0.417262756
negative-emotion,vale,3.172647734,High-frequency,75,Noun,0.586666667,Noun.Name,19,0.226514068
negative-emotion,sloth,3.166895406,High-frequency,74,Noun,1,Noun,24,0.286123033
negative-emotion,heartache,3.166895406,High-frequency,74,Noun,1,Noun,65,0.774916547
negative-emotion,penance,3.161065862,High-frequency,73,Noun,1,Noun,59,0.703385789
negative-emotion,spur,3.161065862,High-frequency,73,Noun,0.849315068,Noun.Verb,57,0.679542203
negative-emotion,apprehend,3.161065862,High-frequency,73,Verb,1,Verb,62,0.739151168
negative-emotion,detest,3.161065862,High-frequency,73,Verb,1,Verb,64,0.762994754
negative-emotion,bitterness,3.155157002,High-frequency,72,Noun,1,Noun,68,0.810681927
negative-emotion,trough,3.155157002,High-frequency,72,Noun,1,Noun,58,0.691463996
negative-emotion,twit,3.149166639,High-frequency,71,Noun,1,Noun,65,0.774916547
negative-emotion,lapse,3.143092491,High-frequency,70,Noun,0.842857143,Noun.Verb,61,0.727229375
negative-emotion,crease,3.136932182,High-frequency,69,Noun,0.434782609,Noun.Verb.Name,42,0.500715308
negative-emotion,reverence,3.130683233,High-frequency,68,Noun,1,Noun,55,0.655698617
negative-emotion,ominous,3.130683233,High-frequency,68,Adjective,1,Adjective,54,0.643776824
negative-emotion,amnesty,3.130683233,High-frequency,68,Noun,1,Noun,46,0.54840248
negative-emotion,aversion,3.130683233,High-frequency,68,Noun,1,Noun,54,0.643776824
negative-emotion,discourage,3.130683233,High-frequency,68,Verb,1,Verb,63,0.751072961
negative-emotion,harass,3.130683233,High-frequency,68,Verb,1,Verb,60,0.715307582
negative-emotion,scourge,3.124343055,High-frequency,67,Noun,1,Noun,50,0.596089652
negative-emotion,huff,3.124343055,High-frequency,67,Verb,0.424242424,Verb.Noun.Name,39,0.464949928
negative-emotion,prodigy,3.124343055,High-frequency,67,Noun,1,Noun,43,0.512637101
negative-emotion,prediction,3.117908945,High-frequency,66,Noun,1,Noun,46,0.54840248
negative-emotion,foggy,3.117908945,High-frequency,66,Adjective,0.923076923,Adjective.Name,59,0.703385789
negative-emotion,landfill,3.117908945,High-frequency,66,Noun,1,Noun,27,0.321888412
negative-emotion,detachment,3.111378078,High-frequency,65,Noun,1,Noun,49,0.584167859
negative-emotion,imprint,3.104747499,High-frequency,64,Noun,1,Noun,41,0.488793515
negative-emotion,envious,3.104747499,High-frequency,64,Adjective,1,Adjective,59,0.703385789
negative-emotion,bashful,3.098014116,High-frequency,63,Adjective,0.952380952,Adjective.Name,55,0.655698617
negative-emotion,conscientious,3.091174692,High-frequency,62,Adjective,1,Adjective,50,0.596089652
negative-emotion,foil,3.091174692,High-frequency,62,Noun,0.85483871,Noun.Verb.Name,53,0.631855031
negative-emotion,bedlam,3.091174692,High-frequency,62,Noun,0.467741935,Noun.Name.Verb,23,0.27420124
negative-emotion,grovel,3.084225832,High-frequency,61,Verb,0.870967742,Verb.Noun,49,0.584167859
negative-emotion,slump,3.084225832,High-frequency,61,Noun,0.819672131,Noun.Verb,41,0.488793515
negative-emotion,merciless,3.084225832,High-frequency,61,Adjective,1,Adjective,57,0.679542203
negative-emotion,dishonor,3.084225832,High-frequency,61,Noun,1,Noun,50,0.596089652
negative-emotion,malice,3.077163977,High-frequency,60,Noun,1,Noun,48,0.572246066
negative-emotion,scorn,3.069985393,High-frequency,59,Noun,1,Noun,43,0.512637101
negative-emotion,aggravation,3.069985393,High-frequency,59,Noun,1,Noun,48,0.572246066
negative-emotion,gloom,3.069985393,High-frequency,59,Noun,1,Noun,53,0.631855031
negative-emotion,unhappiness,3.069985393,High-frequency,59,Noun,1,Noun,53,0.631855031
negative-emotion,abomination,3.062686154,High-frequency,58,Noun,1,Noun,47,0.560324273
negative-emotion,slant,3.062686154,High-frequency,58,Noun,0.844827586,Noun.Verb,52,0.619933238
negative-emotion,disapprove,3.062686154,High-frequency,58,Verb,1,Verb,50,0.596089652
negative-emotion,doghouse,3.055262136,High-frequency,57,Noun,0.947368421,Noun.Name,46,0.54840248
negative-emotion,revere,3.055262136,High-frequency,57,Name,0.696428571,Name.Verb,41,0.488793515
negative-emotion,shudder,3.055262136,High-frequency,57,Verb,0.771929825,Verb.Noun,49,0.584167859
negative-emotion,panicky,3.047708998,High-frequency,56,Adjective,1,Adjective,53,0.631855031
negative-emotion,corroborate,3.047708998,High-frequency,56,Verb,0.982142857,Verb.Adjective,52,0.619933238
negative-emotion,tingle,3.047708998,High-frequency,56,Noun,0.696428571,Noun.Verb.Name,42,0.500715308
negative-emotion,brood,3.040022169,High-frequency,55,Noun,0.545454545,Noun.Verb,51,0.608011445
negative-emotion,flack,3.040022169,High-frequency,55,Name,0.690909091,Name.Noun,15,0.178826896
negative-emotion,insecurity,3.040022169,High-frequency,55,Noun,1,Noun,50,0.596089652
negative-emotion,submission,3.040022169,High-frequency,55,Noun,1,Noun,47,0.560324273
negative-emotion,footprint,3.040022169,High-frequency,55,Noun,0.909090909,Noun.Verb.Name,46,0.54840248
negative-emotion,comprehension,3.040022169,High-frequency,55,Noun,1,Noun,53,0.631855031
negative-emotion,looting,3.040022169,High-frequency,55,Noun,0.563636364,Noun.Verb,46,0.54840248
negative-emotion,flak,3.032196832,High-frequency,54,Noun,1,Noun,38,0.453028135
negative-emotion,prognosis,3.032196832,High-frequency,54,Noun,1,Noun,48,0.572246066
negative-emotion,realization,3.032196832,High-frequency,54,Noun,1,Noun,48,0.572246066
negative-emotion,vindictive,3.032196832,High-frequency,54,Adjective,1,Adjective,50,0.596089652
negative-emotion,savvy,3.032196832,High-frequency,54,Noun,0.611111111,Noun.Adjective,46,0.54840248
negative-emotion,provocation,3.024227902,High-frequency,53,Noun,1,Noun,51,0.608011445
negative-emotion,tangle,3.024227902,High-frequency,53,Verb,0.603773585,Verb.Noun,46,0.54840248
negative-emotion,unfriendly,3.024227902,High-frequency,53,Adjective,1,Adjective,50,0.596089652
negative-emotion,badgering,3.024227902,High-frequency,53,Verb,0.907407407,Verb.Noun,43,0.512637101
negative-emotion,rampage,3.024227902,High-frequency,53,Noun,1,Noun,51,0.608011445
negative-emotion,taunting,3.016110012,High-frequency,52,Verb,0.942307692,Verb.Noun.Adjective,45,0.536480687
negative-emotion,horseshoe,3.016110012,High-frequency,52,Noun,1,Noun,40,0.476871722
negative-emotion,craze,3.016110012,High-frequency,52,Noun,0.923076923,Noun.Verb,45,0.536480687
negative-emotion,insulation,3.007837486,High-frequency,51,Noun,1,Noun,43,0.512637101
negative-emotion,dazzle,3.007837486,High-frequency,51,Verb,0.784313725,Verb.Noun,43,0.512637101
negative-emotion,reprieve,3.007837486,High-frequency,51,Noun,0.921568627,Noun.Verb,41,0.488793515
negative-emotion,fateful,3.007837486,High-frequency,51,Adjective,1,Adjective,48,0.572246066
negative-emotion,vengeful,3.007837486,High-frequency,51,Adjective,1,Adjective,47,0.560324273
neutral-emotion,way,6.15314149,High-frequency,72661,Noun,0.986237963,Noun.Adverb.Preposition.Name,8222,98.02098236
neutral-emotion,minute,5.576332553,High-frequency,19252,Noun,0.992194411,Noun.Adjective,6066,72.31759657
neutral-emotion,hour,5.209759564,High-frequency,8277,Noun,1,Noun,4343,51.77634716
neutral-emotion,catch,5.131437872,High-frequency,6911,Verb,0.894202899,Verb.Noun,3765,44.88555079
neutral-emotion,piece,5.094607867,High-frequency,6349,Noun,0.996689786,Noun.Verb,3510,41.84549356
neutral-emotion,floor,5.002205406,High-frequency,5132,Noun,0.993763399,Noun.Verb.Name,2732,32.57033858
neutral-emotion,blow,4.988801783,High-frequency,4976,Verb,0.829889669,Verb.Noun.Name,2826,33.69098712
neutral-emotion,surprise,4.948411434,High-frequency,4534,Noun,0.763938053,Noun.Verb,2738,32.64186934
neutral-emotion,space,4.819464043,High-frequency,3369,Noun,0.966716196,Noun.Verb.Name,1674,19.95708155
neutral-emotion,leg,4.751678785,High-frequency,2882,Noun,0.997221257,Noun.Verb,1588,18.93180734
neutral-emotion,study,4.690121448,High-frequency,2501,Noun,0.50140056,Noun.Verb,1419,16.91702432
neutral-emotion,stone,4.608433444,High-frequency,2072,Noun,0.851547389,Noun.Name.Verb,938,11.18264187
neutral-emotion,storm,4.4891147,High-frequency,1574,Noun,0.941475827,Noun.Verb.Name,826,9.847401049
neutral-emotion,grade,4.46618474,High-frequency,1493,Noun,0.90896921,Noun.Verb,993,11.83834049
neutral-emotion,shock,4.458855938,High-frequency,1468,Noun,0.882833787,Noun.Verb,1085,12.93514545
neutral-emotion,distance,4.40810973,High-frequency,1306,Noun,0.992343032,Noun.Verb.Name,955,11.38531235
neutral-emotion,remove,4.32726388,High-frequency,1084,Verb,0.996309963,Verb.Noun,818,9.752026705
neutral-emotion,retreat,3.977575881,High-frequency,484,Noun,0.648033126,Noun.Verb,295,3.516928946
neutral-emotion,height,3.970352521,High-frequency,476,Noun,1,Noun,396,4.721030043
neutral-emotion,distant,3.935286819,High-frequency,439,Adjective,1,Adjective,349,4.16070577
neutral-emotion,retirement,3.927317889,High-frequency,431,Noun,1,Noun,326,3.88650453
neutral-emotion,thoughtful,3.892807038,High-frequency,398,Adjective,1,Adjective,343,4.089175012
neutral-emotion,length,3.846928591,High-frequency,358,Noun,0.941340782,Noun.Adverb,270,3.21888412
neutral-emotion,clearance,3.837141259,High-frequency,350,Noun,1,Noun,237,2.82546495
neutral-emotion,leap,3.824588521,High-frequency,340,Noun,0.573964497,Noun.Verb,265,3.159275155
neutral-emotion,withdraw,3.820750842,High-frequency,337,Verb,1,Verb,232,2.765855985
neutral-emotion,examination,3.74208325,High-frequency,281,Noun,1,Noun,207,2.467811159
neutral-emotion,reflection,3.701767265,High-frequency,256,Noun,1,Noun,225,2.682403433
neutral-emotion,numb,3.689774151,High-frequency,249,Adjective,0.781376518,Adjective.Verb,204,2.43204578
neutral-emotion,separation,3.688033489,High-frequency,248,Noun,1,Noun,184,2.193609919
neutral-emotion,altitude,3.590687219,High-frequency,198,Noun,0.994923858,Noun.Name,146,1.740581784
neutral-emotion,evacuation,3.522283064,High-frequency,169,Noun,1,Noun,94,1.120648546
neutral-emotion,withdrawal,3.459151477,High-frequency,146,Noun,1,Noun,120,1.430615165
neutral-emotion,speculation,3.367381104,High-frequency,118,Noun,1,Noun,109,1.299475441
neutral-emotion,gauge,3.344912586,High-frequency,112,Noun,0.910714286,Noun.Verb,92,1.096804959
neutral-emotion,span,3.300434314,High-frequency,101,Noun,0.74,Noun.Verb,86,1.025274201
neutral-emotion,mileage,3.300434314,High-frequency,101,Noun,1,Noun,82,0.977587029
neutral-emotion,muse,3.287469337,High-frequency,98,Noun,0.911764706,Noun.Verb,58,0.691463996
neutral-emotion,thunderbolt,3.231353395,High-frequency,86,Noun,1,Noun,36,0.429184549
neutral-emotion,proximity,3.221253068,High-frequency,84,Noun,1,Noun,76,0.906056271
neutral-emotion,meditation,3.221253068,High-frequency,84,Noun,1,Noun,61,0.727229375
neutral-emotion,amaze,3.210912235,High-frequency,82,Verb,0.975609756,Verb.Noun.Name,75,0.894134478
neutral-emotion,detachment,3.111378078,High-frequency,65,Noun,1,Noun,49,0.584167859
neutral-emotion,contemplate,3.098014116,High-frequency,63,Verb,1,Verb,57,0.679542203
neutral-emotion,indifferent,3.062686154,High-frequency,58,Adjective,1,Adjective,54,0.643776824
neutral-emotion,indifference,3.040022169,High-frequency,55,Noun,1,Noun,50,0.596089652
positive-emotion,have,6.789085934,High-frequency,314232,Verb,0.999686938,Verb.Noun,8363,99.70195517
positive-emotion,know,6.756891151,High-frequency,291780,Verb,0.99982833,Verb.Noun,8340,99.42775393
positive-emotion,like,6.601353593,High-frequency,203947,Preposition,0.547529319,Preposition.Verb.Conjunction.Adverb.Adjective.Noun.Name,8341,99.43967573
positive-emotion,see,6.40709175,High-frequency,130393,Verb,0.998832933,Verb.Noun.Name,8326,99.26084883
positive-emotion,okay,6.301798918,High-frequency,102320,Adverb,0.809932413,Adverb.Adjective.Name.Verb,6322,75.36957558
positive-emotion,take,6.276109357,High-frequency,96443,Verb,0.996409224,Verb.Noun.Name,8299,98.93896042
positive-emotion,make,6.141720156,High-frequency,70775,Verb,0.995757199,Verb.Noun.Name,8215,97.9375298
positive-emotion,mean,6.094224699,High-frequency,63443,Verb,0.966765513,Verb.Adjective.Noun,8032,95.75584168
positive-emotion,love,6.046679186,High-frequency,56864,Verb,0.631651207,Verb.Noun.Name,7377,87.94706724
positive-emotion,please,6.041183903,High-frequency,56149,Adverb,0.978939283,Adverb.Verb,7837,93.43109204
positive-emotion,sure,6.040735068,High-frequency,56091,Adjective,0.690729009,Adjective.Adverb,8007,95.45779685
positive-emotion,call,5.934615117,High-frequency,43931,Verb,0.811513908,Verb.Noun.Name,7556,90.08106819
positive-emotion,leave,5.748154618,High-frequency,28596,Verb,0.966531298,Verb.Noun.Name,7185,85.65808298
positive-emotion,show,5.688155563,High-frequency,24906,Verb,0.631083581,Verb.Noun.Name,6630,79.04148784
positive-emotion,care,5.685391798,High-frequency,24748,Verb,0.503818953,Verb.Noun,6945,82.79685265
positive-emotion,understand,5.682875162,High-frequency,24605,Verb,1,Verb,6811,81.19933238
positive-emotion,hold,5.639632357,High-frequency,22273,Verb,0.930218939,Verb.Noun,6456,76.96709585
positive-emotion,together,5.583069753,High-frequency,19553,Adverb,0.999948773,Adverb.Noun,6450,76.89556509
positive-emotion,fuck,5.577571432,High-frequency,19307,Verb,0.575557862,Verb.Noun.Name,1734,20.67238913
positive-emotion,happy,5.522129756,High-frequency,16993,Adjective,0.999941038,Adjective.Noun,5531,65.93943729
positive-emotion,fucking,5.512046867,High-frequency,16603,Adjective,0.657552397,Adjective.Adverb.Verb.Noun.Name,1556,18.55030997
positive-emotion,hope,5.505431579,High-frequency,16352,Verb,0.845730028,Verb.Noun.Name,6123,72.99713877
positive-emotion,turn,5.485820905,High-frequency,15630,Verb,0.812572014,Verb.Noun,5931,70.70815451
positive-emotion,honey,5.477262963,High-frequency,15325,Noun,0.998560115,Noun.Name,4185,49.89270386
positive-emotion,brother,5.452662685,High-frequency,14481,Noun,0.999101279,Noun.Name,3795,45.24320458
positive-emotion,hand,5.446045024,High-frequency,14262,Noun,0.924961393,Noun.Verb.Name,5562,66.30901288
positive-emotion,hit,5.438767977,High-frequency,14025,Verb,0.905481906,Verb.Noun.Adjective,5092,60.70577015
positive-emotion,easy,5.423837535,High-frequency,13551,Adjective,0.845528455,Adjective.Adverb,5385,64.19885551
positive-emotion,TRUE,5.403163879,High-frequency,12921,Adjective,0.988927604,Adjective.Adverb.Verb.Noun,5312,63.32856462
positive-emotion,heart,5.387143004,High-frequency,12453,Noun,0.99991964,Noun.Name,4582,54.6256557
positive-emotion,number,5.381350686,High-frequency,12288,Noun,0.99706912,Noun.Verb.Name.Adjective,4542,54.14878398
positive-emotion,word,5.37152177,High-frequency,12013,Noun,0.995503372,Noun.Verb,5147,61.36146876
positive-emotion,fun,5.371413309,High-frequency,12010,Noun,0.514762302,Noun.Adjective.Name,4632,55.22174535
positive-emotion,wish,5.370725762,High-frequency,11991,Verb,0.860278775,Verb.Noun,4968,59.22746781
positive-emotion,dear,5.348586583,High-frequency,11395,Interjection,0.471042471,Interjection.Adjective.Noun.Adverb.Name,3448,41.10634239
positive-emotion,close,5.340741844,High-frequency,11191,Adjective,0.414749843,Adjective.Verb.Adverb.Noun.Name,5181,61.76680973
positive-emotion,funny,5.338251259,High-frequency,11127,Adjective,1,Adjective,4659,55.54363376
positive-emotion,hate,5.331049908,High-frequency,10944,Verb,0.946319159,Verb.Noun,4752,56.65236052
positive-emotion,cool,5.291443101,High-frequency,9990,Adjective,0.837258242,Adjective.Verb.Adverb.Noun.Name,3670,43.75298045
positive-emotion,high,5.289482597,High-frequency,9945,Adjective,0.934051551,Adjective.Adverb.Noun.Name,4450,53.05197902
positive-emotion,bed,5.271564573,High-frequency,9543,Noun,0.996955061,Noun.Verb,4113,49.03433476
positive-emotion,trust,5.250302461,High-frequency,9087,Verb,0.884873857,Verb.Noun.Name,4242,50.57224607
positive-emotion,war,5.241858049,High-frequency,8912,Noun,0.999663224,Noun.Name,2546,30.35288507
positive-emotion,glad,5.233395262,High-frequency,8740,Adjective,1,Adjective,4312,51.40677158
positive-emotion,light,5.217455597,High-frequency,8425,Noun,0.664645023,Noun.Adjective.Verb.Preposition.Adverb.Name,3924,46.78111588
positive-emotion,win,5.128664429,High-frequency,6867,Verb,0.957384705,Verb.Noun,2788,33.23795899
positive-emotion,cold,5.113936811,High-frequency,6638,Adjective,0.806723956,Adjective.Noun.Name.Adverb,3509,41.83357177
positive-emotion,fall,5.073230447,High-frequency,6044,Verb,0.758614977,Verb.Noun.Name,3322,39.60419647
positive-emotion,quiet,5.068462696,High-frequency,5978,Adjective,0.953734859,Adjective.Verb.Noun.Name,3135,37.37482117
positive-emotion,wonder,5.06759018,High-frequency,5966,Verb,0.745925055,Verb.Noun.Adjective.Name,3567,42.52503577
positive-emotion,pass,5.033379659,High-frequency,5514,Verb,0.747511312,Verb.Noun,3148,37.52980448
positive-emotion,report,5.032906915,High-frequency,5508,Noun,0.656846699,Noun.Verb,2621,31.24701955
positive-emotion,expect,5.016110012,High-frequency,5299,Verb,1,Verb,3306,39.41344778
positive-emotion,pain,4.990456572,High-frequency,4995,Noun,0.991964644,Noun.Verb,2568,30.61516452
positive-emotion,relax,4.985297269,High-frequency,4936,Verb,1,Verb,2807,33.46447306
positive-emotion,fair,4.976050937,High-frequency,4832,Adjective,0.824601367,Adjective.Adverb.Noun.Name,2810,33.50023844
positive-emotion,security,4.974069499,High-frequency,4810,Noun,0.999582812,Noun.Name,2046,24.39198856
positive-emotion,charge,4.950798985,High-frequency,4559,Noun,0.598463227,Noun.Verb.Preposition,2675,31.89079638
positive-emotion,simple,4.950417858,High-frequency,4555,Adjective,1,Adjective,2861,34.10824988
positive-emotion,calm,4.949081272,High-frequency,4541,Verb,0.721278942,Verb.Noun.Adjective.Name,2466,29.39914163
positive-emotion,key,4.938335892,High-frequency,4430,Noun,0.794981917,Noun.Adjective.Name.Verb,2165,25.81068193
positive-emotion,appreciate,4.932712921,High-frequency,4373,Verb,1,Verb,2885,34.39437291
positive-emotion,card,4.931121368,High-frequency,4357,Noun,0.997702734,Noun.Verb,2107,25.11921793
positive-emotion,near,4.919097559,High-frequency,4238,Preposition,0.713002364,Preposition.Adverb.Adjective.Verb,2814,33.54792561
positive-emotion,enjoy,4.917455224,High-frequency,4222,Verb,0.999763202,Verb.Noun,2769,33.01144492
positive-emotion,pleasure,4.906625934,High-frequency,4118,Noun,0.991232343,Noun.Verb,2545,30.34096328
positive-emotion,offer,4.872873091,High-frequency,3810,Verb,0.548581933,Verb.Noun,2371,28.26657129
positive-emotion,kick,4.865285964,High-frequency,3744,Verb,0.824566088,Verb.Noun,2163,25.78683834
positive-emotion,respect,4.853531675,High-frequency,3644,Noun,0.645604396,Noun.Verb.Preposition,2265,27.00286123
positive-emotion,congratulations,4.850182651,High-frequency,3616,Noun,0.999722915,Noun.Name,2248,26.80019075
positive-emotion,favor,4.849341344,High-frequency,3609,Noun,0.894284129,Noun.Preposition.Verb.Name,2370,28.2546495
positive-emotion,peace,4.842184814,High-frequency,3550,Noun,0.998024831,Noun.Name,1867,22.2579876
positive-emotion,share,4.841572873,High-frequency,3545,Verb,0.743792325,Verb.Noun,2346,27.96852647
positive-emotion,fear,4.838870042,High-frequency,3523,Noun,0.598921374,Noun.Verb.Preposition.Name,1912,22.79446829
positive-emotion,round,4.82254598,High-frequency,3393,Adjective,0.298582398,Adjective.Adverb.Noun.Preposition.Verb.Name,1895,22.59179781
positive-emotion,knock,4.810348082,High-frequency,3299,Verb,0.903618121,Verb.Noun.Name,2088,24.89270386
positive-emotion,consider,4.719482513,High-frequency,2676,Verb,1,Verb,1965,23.42632332
positive-emotion,warm,4.716715779,High-frequency,2659,Adjective,0.79789236,Adjective.Verb,1877,22.37720553
positive-emotion,taste,4.709803784,High-frequency,2617,Noun,0.661068702,Noun.Verb,1825,21.75727229
positive-emotion,tight,4.706473289,High-frequency,2597,Adverb,0.70654278,Adverb.Adjective,1813,21.61421078
positive-emotion,comfortable,4.673670942,High-frequency,2408,Adjective,1,Adjective,1763,21.01812113
positive-emotion,faith,4.665481614,High-frequency,2363,Noun,0.99830652,Noun.Name,1220,14.54458751
positive-emotion,credit,4.660678649,High-frequency,2337,Noun,0.955403087,Noun.Verb,1490,17.76347163
positive-emotion,strike,4.658257099,High-frequency,2324,Verb,0.603359173,Verb.Noun.Name,1240,14.78302337
positive-emotion,belong,4.646710565,High-frequency,2263,Verb,1,Verb,1576,18.78874583
positive-emotion,grace,4.625885582,High-frequency,2157,Name,0.510479739,Name.Noun.Verb,748,8.917501192
positive-emotion,stone,4.608433444,High-frequency,2072,Noun,0.851547389,Noun.Name.Verb,938,11.18264187
positive-emotion,view,4.585417656,High-frequency,1965,Noun,0.876461617,Noun.Verb.Preposition.Name,1412,16.83357177
positive-emotion,insurance,4.583202993,High-frequency,1955,Noun,0.998976982,Noun.Name,1025,12.21983786
positive-emotion,screw,4.573549112,High-frequency,1912,Verb,0.903039832,Verb.Noun,1340,15.97520267
positive-emotion,strength,4.566915041,High-frequency,1883,Noun,1,Noun,1235,14.7234144
positive-emotion,fancy,4.541765899,High-frequency,1777,Adjective,0.616469261,Adjective.Verb.Noun.Name,1233,14.69957082
positive-emotion,familiar,4.537593498,High-frequency,1760,Adjective,1,Adjective,1388,16.54744874
positive-emotion,recognize,4.535120288,High-frequency,1750,Verb,1,Verb,1343,16.01096805
positive-emotion,stomach,4.528874934,High-frequency,1725,Noun,1,Noun,1219,14.53266571
positive-emotion,prefer,4.517143424,High-frequency,1679,Verb,1,Verb,1311,15.62947067
positive-emotion,weak,4.498120187,High-frequency,1607,Adjective,1,Adjective,1181,14.07963758
positive-emotion,rush,4.496767664,High-frequency,1602,Noun,0.532167395,Noun.Verb.Name,1231,14.67572723
positive-emotion,bond,4.494867029,High-frequency,1595,Name,0.578947368,Name.Noun.Verb,507,6.04434907
positive-emotion,showing,4.49268464,High-frequency,1587,Verb,0.96340694,Verb.Noun,1295,15.43872198
positive-emotion,permission,4.49268464,High-frequency,1587,Noun,1,Noun,1063,12.672866
positive-emotion,sexy,4.476525573,High-frequency,1529,Adjective,1,Adjective,913,10.88459704
positive-emotion,joy,4.455293694,High-frequency,1456,Noun,0.773167358,Noun.Name,923,11.00381497
positive-emotion,pride,4.441668839,High-frequency,1411,Noun,0.924005682,Noun.Verb.Name,936,11.15879828
positive-emotion,wire,4.43920125,High-frequency,1403,Noun,0.880171184,Noun.Verb.Name,819,9.763948498
positive-emotion,lover,4.425053599,High-frequency,1358,Noun,0.998519615,Noun.Name,886,10.56270863
positive-emotion,grateful,4.424093832,High-frequency,1355,Adjective,1,Adjective,1000,11.92179304
positive-emotion,concern,4.416664292,High-frequency,1332,Noun,0.774700599,Noun.Verb,1068,12.73247496
positive-emotion,friendly,4.415359123,High-frequency,1328,Adjective,0.970476911,Adjective.Noun.Name,986,11.75488794
positive-emotion,stock,4.406111439,High-frequency,1300,Noun,0.977623457,Noun.Verb.Name.Adjective,775,9.239389604
positive-emotion,mercy,4.403096656,High-frequency,1291,Noun,0.99689441,Noun.Name,785,9.358607535
positive-emotion,loving,4.397684817,High-frequency,1275,Verb,0.549373041,Verb.Adjective,946,11.27801621
positive-emotion,fail,4.390477868,High-frequency,1254,Verb,0.964143426,Verb.Noun,939,11.19456366
positive-emotion,happiness,4.388744155,High-frequency,1249,Noun,0.998393574,Noun.Name,842,10.03814974
positive-emotion,belt,4.386305271,High-frequency,1242,Noun,0.974235105,Noun.Verb.Name,838,9.990462566
positive-emotion,secure,4.385955738,High-frequency,1241,Verb,0.548387097,Verb.Adjective,842,10.03814974
positive-emotion,pity,4.371015388,High-frequency,1199,Noun,0.79966611,Noun.Verb,835,9.954697186
positive-emotion,protection,4.37029096,High-frequency,1197,Noun,0.999164578,Noun.Verb,854,10.18121125
positive-emotion,prize,4.349880373,High-frequency,1142,Noun,0.978089395,Noun.Verb.Adjective,735,8.762517883
positive-emotion,advantage,4.343372533,High-frequency,1125,Noun,0.998219056,Noun.Verb,918,10.94420601
positive-emotion,understanding,4.340275946,High-frequency,1117,Noun,0.698028674,Noun.Verb.Adjective,895,10.67000477
positive-emotion,union,4.337938929,High-frequency,1111,Noun,0.816216216,Noun.Name,632,7.5345732
positive-emotion,value,4.332436482,High-frequency,1097,Noun,0.892433911,Noun.Verb,862,10.2765856
positive-emotion,glory,4.33204077,High-frequency,1096,Noun,0.990875912,Noun.Verb,636,7.582260372
positive-emotion,victory,4.331248261,High-frequency,1094,Noun,0.979890311,Noun.Name,636,7.582260372
positive-emotion,chain,4.326462599,High-frequency,1082,Noun,0.941828255,Noun.Verb,739,8.810205055
positive-emotion,authority,4.326462599,High-frequency,1082,Noun,0.971375808,Noun.Name,791,9.430138293
positive-emotion,pleasant,4.322433864,High-frequency,1072,Adjective,0.993457944,Adjective.Name,806,9.608965188
positive-emotion,warrant,4.317549526,High-frequency,1060,Noun,0.91312559,Noun.Verb,613,7.308059132
positive-emotion,ruth,4.315086602,High-frequency,1054,Name,0.987642586,Name.Noun,208,2.479732952
positive-emotion,bang,4.300434314,High-frequency,1019,Verb,0.719488189,Verb.Noun.Unclassified,588,7.010014306
positive-emotion,fever,4.29958192,High-frequency,1017,Noun,0.999016716,Noun.Name,570,6.795422031
positive-emotion,passion,4.295725308,High-frequency,1008,Noun,1,Noun,724,8.631378159
positive-emotion,confidence,4.289220527,High-frequency,993,Noun,1,Noun,751,8.953266571
positive-emotion,receive,4.288783391,High-frequency,992,Verb,1,Verb,755,9.000953743
positive-emotion,commit,4.285270373,High-frequency,984,Verb,1,Verb,724,8.631378159
positive-emotion,reputation,4.284829241,High-frequency,983,Noun,1,Noun,734,8.75059609
positive-emotion,ease,4.280838758,High-frequency,974,Noun,0.534429599,Noun.Verb,718,8.559847401
positive-emotion,treasure,4.279946982,High-frequency,972,Noun,0.883744856,Noun.Verb,425,5.066762041
positive-emotion,bravo,4.279053372,High-frequency,970,Interjection,0.858627859,Interjection.Noun.Name,527,6.282784931
positive-emotion,plastic,4.273199651,High-frequency,957,Noun,1,Noun,681,8.118741059
positive-emotion,cheer,4.271382517,High-frequency,953,Verb,0.787815126,Verb.Noun,733,8.738674297
positive-emotion,favour,4.269100355,High-frequency,948,Noun,0.899053628,Noun.Verb.Preposition,603,7.188841202
positive-emotion,reward,4.255621969,High-frequency,919,Noun,0.86259542,Noun.Verb,598,7.129232237
positive-emotion,agreement,4.242685601,High-frequency,892,Noun,1,Noun,603,7.188841202
positive-emotion,bail,4.239267864,High-frequency,885,Noun,0.621468927,Noun.Verb,522,6.223175966
positive-emotion,comfort,4.235823017,High-frequency,878,Noun,0.691343964,Noun.Verb,692,8.249880782
positive-emotion,circus,4.231852297,High-frequency,870,Noun,1,Noun,450,5.364806867
positive-emotion,backup,4.227844938,High-frequency,862,Noun,0.889791183,Noun.Verb.Name,577,6.878874583
positive-emotion,crush,4.22532143,High-frequency,857,Noun,0.579254079,Noun.Verb,625,7.451120649
positive-emotion,felicity,4.22532143,High-frequency,857,Name,0.996499417,Name.Noun,58,0.691463996
positive-emotion,humor,4.221253068,High-frequency,849,Noun,0.881656805,Noun.Verb.Name,675,8.0472103
positive-emotion,charity,4.217146234,High-frequency,841,Noun,1,Noun,538,6.413924654
positive-emotion,pin,4.21404042,High-frequency,835,Noun,0.649101796,Noun.Verb.Name,545,6.497377206
positive-emotion,chill,4.210388673,High-frequency,828,Noun,0.518159806,Noun.Verb.Adjective,540,6.43776824
positive-emotion,blast,4.208814189,High-frequency,825,Noun,0.552184466,Noun.Verb,598,7.129232237
positive-emotion,identify,4.208814189,High-frequency,825,Verb,1,Verb,619,7.37958989
positive-emotion,prayer,4.198169184,High-frequency,805,Noun,1,Noun,564,6.723891273
positive-emotion,romance,4.191107329,High-frequency,792,Noun,0.962025316,Noun.Verb.Adjective.Name,571,6.807343825
positive-emotion,hood,4.187256688,High-frequency,785,Noun,0.715561224,Noun.Name,475,5.662851693
positive-emotion,relief,4.163990415,High-frequency,744,Noun,1,Noun,607,7.236528374
positive-emotion,shouting,4.163990415,High-frequency,744,Verb,0.86099865,Verb.Noun.Adjective.Name,462,5.507868383
positive-emotion,cotton,4.151572708,High-frequency,723,Noun,0.863070539,Noun.Name.Verb,345,4.113018598
positive-emotion,facility,4.151572708,High-frequency,723,Noun,1,Noun,470,5.603242728
positive-emotion,admire,4.150972439,High-frequency,722,Verb,1,Verb,597,7.117310443
positive-emotion,self,4.150972439,High-frequency,722,Noun,0.99301676,Noun.Adjective,534,6.366237482
positive-emotion,cheering,4.13131219,High-frequency,690,Verb,0.928985507,Verb.Noun.Adjective.Name,321,3.826895565
positive-emotion,fucker,4.119203415,High-frequency,671,Noun,0.989552239,Noun.Name,379,4.518359561
positive-emotion,identity,4.113347671,High-frequency,662,Noun,1,Noun,474,5.6509299
positive-emotion,beloved,4.106081738,High-frequency,651,Adjective,0.983076923,Adjective.Noun,484,5.77014783
positive-emotion,stations,4.10206666,High-frequency,645,Noun,0.99533437,Noun.Verb,375,4.470672389
positive-emotion,entertainment,4.098692172,High-frequency,640,Noun,0.99687011,Noun.Name,480,5.722460658
positive-emotion,slap,4.095973574,High-frequency,636,Verb,0.679810726,Verb.Noun.Adverb.Name,483,5.758226037
positive-emotion,fond,4.091174692,High-frequency,629,Adjective,0.998412698,Adjective.Name,494,5.889365761
positive-emotion,excitement,4.090484788,High-frequency,628,Noun,0.993610224,Noun.Name,523,6.235097759
positive-emotion,jazz,4.076451435,High-frequency,608,Noun,0.97693575,Noun.Name.Verb,305,3.636146876
positive-emotion,sunshine,4.073589517,High-frequency,604,Noun,0.949916528,Noun.Name,400,4.768717215
positive-emotion,reckon,4.067808473,High-frequency,596,Verb,1,Verb,294,3.505007153
positive-emotion,shelter,4.067080402,High-frequency,595,Noun,0.914285714,Noun.Verb,375,4.470672389
positive-emotion,loyalty,4.067080402,High-frequency,595,Noun,1,Noun,437,5.209823557
positive-emotion,defeat,4.056010275,High-frequency,580,Verb,0.630584192,Verb.Noun,403,4.804482594
positive-emotion,approve,4.056010275,High-frequency,580,Verb,1,Verb,467,5.567477349
positive-emotion,applause,4.053009955,High-frequency,576,Noun,1,Noun,362,4.31568908
positive-emotion,transport,4.049230171,High-frequency,571,Noun,0.737302977,Noun.Verb,373,4.446828803
positive-emotion,affect,4.046946409,High-frequency,568,Verb,0.9543058,Verb.Noun,482,5.746304244
positive-emotion,boot,4.046946409,High-frequency,568,Noun,0.671353251,Noun.Verb.Name,374,4.458750596
positive-emotion,helpless,4.046946409,High-frequency,568,Adjective,1,Adjective,438,5.221745351
positive-emotion,include,4.046946409,High-frequency,568,Verb,1,Verb,496,5.913209347
positive-emotion,promotion,4.038468341,High-frequency,557,Noun,1,Noun,391,4.661421078
positive-emotion,deposit,4.03377322,High-frequency,551,Noun,0.784029038,Noun.Verb,373,4.446828803
positive-emotion,commitment,4.032985741,High-frequency,550,Noun,1,Noun,438,5.221745351
positive-emotion,confident,4.027433042,High-frequency,543,Adjective,1,Adjective,461,5.49594659
positive-emotion,privilege,4.026633972,High-frequency,542,Noun,0.998151571,Noun.Name,442,5.269432523
positive-emotion,passport,4.020187924,High-frequency,534,Noun,1,Noun,285,3.397711016
positive-emotion,parole,4.019375399,High-frequency,533,Noun,1,Noun,290,3.457319981
positive-emotion,compliment,4.011165429,High-frequency,523,Noun,0.78585086,Noun.Verb,461,5.49594659
positive-emotion,screwing,3.99512552,High-frequency,504,Verb,0.974206349,Verb.Noun,416,4.959465904
positive-emotion,championship,3.991671868,High-frequency,500,Noun,1,Noun,229,2.730090606
positive-emotion,blessing,3.987315819,High-frequency,495,Noun,0.921052632,Noun.Verb,400,4.768717215
positive-emotion,sweep,3.978470411,High-frequency,485,Verb,0.629166667,Verb.Noun,381,4.542203147
positive-emotion,smack,3.978470411,High-frequency,485,Verb,0.636363636,Verb.Noun,371,4.422985217
positive-emotion,praise,3.975781273,High-frequency,482,Verb,0.674897119,Verb.Noun,284,3.385789223
positive-emotion,flush,3.972169656,High-frequency,478,Verb,0.587002096,Verb.Noun.Adverb.Adjective,352,4.196471149
positive-emotion,hallelujah,3.970352521,High-frequency,476,Interjection,0.797040169,Interjection.Noun,192,2.288984263
positive-emotion,certificate,3.953646828,High-frequency,458,Noun,1,Noun,297,3.540772532
positive-emotion,weakness,3.949845539,High-frequency,454,Noun,1,Noun,385,4.58989032
positive-emotion,tender,3.948889995,High-frequency,453,Adjective,0.884700665,Adjective.Verb.Noun,380,4.530281354
positive-emotion,display,3.931320631,High-frequency,435,Noun,0.727482679,Noun.Verb,374,4.458750596
positive-emotion,madness,3.927317889,High-frequency,431,Noun,1,Noun,337,4.017644254
positive-emotion,affection,3.927317889,High-frequency,431,Noun,1,Noun,334,3.981878875
positive-emotion,thrill,3.925302598,High-frequency,429,Noun,0.791569087,Noun.Verb,351,4.184549356
positive-emotion,approval,3.924291434,High-frequency,428,Noun,1,Noun,333,3.969957082
positive-emotion,sympathy,3.922262017,High-frequency,426,Noun,1,Noun,356,4.244158321
positive-emotion,smash,3.917146593,High-frequency,421,Verb,0.719714964,Verb.Noun,315,3.755364807
positive-emotion,harmony,3.915083433,High-frequency,419,Noun,0.988066826,Noun.Name,202,2.408202194
positive-emotion,devoted,3.904617999,High-frequency,409,Adjective,0.73594132,Adjective.Verb,341,4.065331426
positive-emotion,worship,3.904617999,High-frequency,409,Verb,0.638141809,Verb.Noun,294,3.505007153
positive-emotion,identification,3.904617999,High-frequency,409,Noun,1,Noun,301,3.588459704
positive-emotion,password,3.902494305,High-frequency,407,Noun,1,Noun,191,2.27706247
positive-emotion,depression,3.901428551,High-frequency,406,Noun,0.997530864,Noun.Name,304,3.624225083
positive-emotion,gratitude,3.889529328,High-frequency,395,Noun,0.994897959,Noun.Name,338,4.029566047
positive-emotion,adore,3.888431238,High-frequency,394,Verb,1,Verb,294,3.505007153
positive-emotion,sunny,3.885120209,High-frequency,391,Adjective,1,Adjective,291,3.469241774
positive-emotion,content,3.882898749,High-frequency,389,Noun,0.483290488,Noun.Adjective.Verb,319,3.803051979
positive-emotion,exhibit,3.881783743,High-frequency,388,Noun,0.71761658,Noun.Verb.Name,239,2.849308536
positive-emotion,embrace,3.879545107,High-frequency,386,Verb,0.758441558,Verb.Noun,322,3.838817358
positive-emotion,ego,3.875032916,High-frequency,382,Noun,0.997382199,Noun.Name,310,3.695755842
positive-emotion,jolly,3.875032916,High-frequency,382,Adverb,0.501312336,Adverb.Adjective.Verb,235,2.801621364
positive-emotion,consent,3.871617739,High-frequency,379,Noun,0.808510638,Noun.Verb,280,3.338102051
positive-emotion,regard,3.867021987,High-frequency,375,Noun,0.427807487,Noun.Verb.Preposition,316,3.7672866
positive-emotion,salute,3.861208052,High-frequency,370,Verb,0.662162162,Verb.Noun,258,3.075822604
positive-emotion,presentation,3.858860508,High-frequency,368,Noun,1,Noun,260,3.09966619
positive-emotion,demonstration,3.856500206,High-frequency,366,Noun,1,Noun,269,3.206962327
positive-emotion,carnival,3.852935526,High-frequency,363,Noun,0.787878788,Noun.Adjective,177,2.110157368
positive-emotion,dearest,3.851740767,High-frequency,362,Adjective,1,Adjective,272,3.242727706
positive-emotion,bam,3.850542713,High-frequency,361,Verb,0.806722689,Verb.Noun.Name,228,2.718168813
positive-emotion,memorial,3.849341344,High-frequency,360,Noun,0.997229917,Noun.Name,257,3.063900811
positive-emotion,caring,3.848136643,High-frequency,359,Verb,0.584958217,Verb.Noun.Adjective,321,3.826895565
positive-emotion,congratulate,3.846928591,High-frequency,358,Verb,1,Verb,309,3.683834049
positive-emotion,satisfaction,3.84328414,High-frequency,355,Noun,1,Noun,304,3.624225083
positive-emotion,compliments,3.840837404,High-frequency,353,Noun,1,Noun,299,3.564616118
positive-emotion,bolt,3.838376806,High-frequency,351,Noun,0.845272206,Noun.Verb.Name,226,2.694325227
positive-emotion,gravity,3.838376806,High-frequency,351,Noun,1,Noun,265,3.159275155
positive-emotion,sorrow,3.837141259,High-frequency,350,Noun,1,Noun,243,2.896995708
positive-emotion,eager,3.837141259,High-frequency,350,Adjective,1,Adjective,307,3.659990463
positive-emotion,confidential,3.827128262,High-frequency,342,Adjective,1,Adjective,276,3.290414878
positive-emotion,involve,3.811662136,High-frequency,330,Verb,1,Verb,311,3.707677635
positive-emotion,backing,3.803717503,High-frequency,324,Verb,0.820987654,Verb.Noun.Adjective,278,3.314258464
positive-emotion,prophecy,3.799690014,High-frequency,321,Noun,0.996875,Noun.Name,118,1.406771578
positive-emotion,liking,3.798339175,High-frequency,320,Verb,0.717868339,Verb.Noun,290,3.457319981
positive-emotion,compassion,3.79698412,High-frequency,319,Noun,1,Noun,265,3.159275155
positive-emotion,entertain,3.78876379,High-frequency,313,Verb,1,Verb,265,3.159275155
positive-emotion,protective,3.783195836,High-frequency,309,Adjective,1,Adjective,261,3.111587983
positive-emotion,encourage,3.781792622,High-frequency,308,Verb,1,Verb,274,3.266571292
positive-emotion,slam,3.764590591,High-frequency,296,Verb,0.533783784,Verb.Noun.Interjection.Name,239,2.849308536
positive-emotion,hilarious,3.763125853,High-frequency,295,Adjective,1,Adjective,247,2.94468288
positive-emotion,cracker,3.761656158,High-frequency,294,Noun,0.959183673,Noun.Name,202,2.408202194
positive-emotion,hooray,3.760181473,High-frequency,293,Interjection,1,Interjection,166,1.979017644
positive-emotion,exposure,3.757216994,High-frequency,291,Noun,1,Noun,240,2.861230329
positive-emotion,delight,3.752731985,High-frequency,288,Noun,0.830449827,Noun.Verb.Name,237,2.82546495
positive-emotion,satisfy,3.749716039,High-frequency,286,Verb,1,Verb,256,3.051979018
positive-emotion,difficulty,3.748200175,High-frequency,285,Noun,1,Noun,258,3.075822604
positive-emotion,waltz,3.738992173,High-frequency,279,Noun,0.664259928,Noun.Verb,181,2.15784454
positive-emotion,failing,3.732743224,High-frequency,275,Verb,0.902527076,Verb.Adjective,240,2.861230329
positive-emotion,thankful,3.731166836,High-frequency,274,Adjective,1,Adjective,204,2.43204578
positive-emotion,humour,3.723197906,High-frequency,269,Noun,1,Noun,202,2.408202194
positive-emotion,tribute,3.719968936,High-frequency,267,Noun,1,Noun,177,2.110157368
positive-emotion,disrespect,3.719968936,High-frequency,267,Noun,0.711610487,Noun.Verb,224,2.67048164
positive-emotion,appreciation,3.710135433,High-frequency,261,Noun,1,Noun,238,2.837386743
positive-emotion,recommendation,3.705133906,High-frequency,258,Noun,1,Noun,215,2.563185503
positive-emotion,reconsider,3.701767265,High-frequency,256,Verb,1,Verb,234,2.789699571
positive-emotion,involvement,3.689774151,High-frequency,249,Noun,1,Noun,223,2.658559847
positive-emotion,tickle,3.682769249,High-frequency,245,Verb,0.759183673,Verb.Noun,160,1.907486886
positive-emotion,convenience,3.682769249,High-frequency,245,Noun,1,Noun,199,2.372436814
positive-emotion,sadness,3.681000227,High-frequency,244,Noun,1,Noun,188,2.241297091
positive-emotion,estimate,3.679223968,High-frequency,243,Noun,0.622406639,Noun.Verb,201,2.396280401
positive-emotion,clap,3.675649508,High-frequency,241,Verb,0.719008264,Verb.Noun,152,1.812112542
positive-emotion,adoption,3.672045384,High-frequency,239,Noun,1,Noun,140,1.669051025
positive-emotion,triumph,3.668411099,High-frequency,237,Noun,0.819327731,Noun.Verb.Name,194,2.312827849
positive-emotion,recognition,3.66105,High-frequency,233,Noun,1,Noun,199,2.372436814
positive-emotion,boost,3.655446122,High-frequency,230,Noun,0.524017467,Noun.Verb,194,2.312827849
positive-emotion,enthusiasm,3.653561978,High-frequency,229,Noun,1,Noun,204,2.43204578
positive-emotion,crow,3.649768989,High-frequency,227,Noun,0.678733032,Noun.Name,132,1.573676681
positive-emotion,warmth,3.649768989,High-frequency,227,Noun,0.986725664,Noun.Name,199,2.372436814
positive-emotion,cherish,3.649768989,High-frequency,227,Verb,1,Verb,162,1.931330472
positive-emotion,hump,3.645942581,High-frequency,225,Noun,0.566964286,Noun.Verb.Name,162,1.931330472
positive-emotion,chilly,3.636226416,High-frequency,220,Adjective,1,Adjective,190,2.265140677
positive-emotion,truce,3.636226416,High-frequency,220,Noun,1,Noun,150,1.788268956
positive-emotion,diagnosis,3.634256823,High-frequency,219,Noun,1,Noun,159,1.895565093
positive-emotion,leaning,3.630290636,High-frequency,217,Verb,0.958333333,Verb.Adjective.Noun,184,2.193609919
positive-emotion,visa,3.628293876,High-frequency,216,Noun,0.99537037,Noun.Verb,137,1.633285646
positive-emotion,daring,3.624272602,High-frequency,214,Adjective,0.682242991,Adjective.Verb,175,2.086313782
positive-emotion,brotherhood,3.620213746,High-frequency,212,Noun,1,Noun,107,1.275631855
positive-emotion,devotion,3.618170003,High-frequency,211,Noun,1,Noun,182,2.169766333
positive-emotion,runaway,3.609897477,High-frequency,207,Adjective,0.509708738,Adjective.Noun,132,1.573676681
positive-emotion,independence,3.603588003,High-frequency,204,Noun,1,Noun,154,1.835956128
positive-emotion,predict,3.60146431,High-frequency,203,Verb,1,Verb,179,2.134000954
positive-emotion,distraction,3.5950302,High-frequency,200,Noun,1,Noun,160,1.907486886
positive-emotion,dislike,3.5950302,High-frequency,200,Verb,0.798994975,Verb.Noun,169,2.014783023
positive-emotion,fulfill,3.592864138,High-frequency,199,Verb,0.97979798,Verb.Noun.Name,166,1.979017644
positive-emotion,carrot,3.584090214,High-frequency,195,Noun,0.98974359,Noun.Name,123,1.466380544
positive-emotion,sympathetic,3.581868754,High-frequency,194,Adjective,0.994845361,Adjective.Noun,166,1.979017644
positive-emotion,amusement,3.575135371,High-frequency,191,Noun,1,Noun,146,1.740581784
positive-emotion,fasten,3.572867509,High-frequency,190,Verb,1,Verb,151,1.800190749
positive-emotion,cheerful,3.572867509,High-frequency,190,Adjective,1,Adjective,160,1.907486886
positive-emotion,consolation,3.563675749,High-frequency,186,Noun,1,Noun,167,1.990939437
positive-emotion,stuffy,3.561347086,High-frequency,185,Adjective,1,Adjective,139,1.657129232
positive-emotion,authorization,3.559005871,High-frequency,184,Noun,0.972826087,Noun.Name,144,1.716738197
positive-emotion,dedication,3.53238339,High-frequency,173,Noun,1,Noun,153,1.824034335
positive-emotion,optimistic,3.53238339,High-frequency,173,Adjective,1,Adjective,155,1.847877921
positive-emotion,fraternity,3.527362589,High-frequency,171,Noun,0.970760234,Noun.Name,80,0.953743443
positive-emotion,intimacy,3.517143424,High-frequency,167,Noun,1,Noun,132,1.573676681
positive-emotion,goodwill,3.517143424,High-frequency,167,Noun,1,Noun,127,1.514067716
positive-emotion,bash,3.517143424,High-frequency,167,Verb,0.512195122,Verb.Noun.Name,121,1.442536958
positive-emotion,convertible,3.514550613,High-frequency,166,Noun,0.909638554,Noun.Adjective,127,1.514067716
positive-emotion,nip,3.51194223,High-frequency,165,Noun,0.525974026,Noun.Verb,128,1.525989509
positive-emotion,fingerprint,3.50667799,High-frequency,163,Noun,1,Noun,110,1.311397234
positive-emotion,ecstasy,3.504021747,High-frequency,162,Noun,1,Noun,120,1.430615165
positive-emotion,acceptance,3.501349157,High-frequency,161,Noun,1,Noun,140,1.669051025
positive-emotion,bliss,3.498660018,High-frequency,160,Noun,0.9125,Noun.Name,119,1.418693371
positive-emotion,bosom,3.495954125,High-frequency,159,Noun,1,Noun,120,1.430615165
positive-emotion,allegiance,3.495954125,High-frequency,159,Noun,1,Noun,128,1.525989509
positive-emotion,tying,3.493231266,High-frequency,158,Verb,0.930379747,Verb.Noun,147,1.752503577
positive-emotion,bonding,3.48495874,High-frequency,155,Noun,0.815286624,Noun.Verb,128,1.525989509
positive-emotion,flaw,3.48495874,High-frequency,155,Noun,1,Noun,130,1.549833095
positive-emotion,belongings,3.48216584,High-frequency,154,Noun,1,Noun,135,1.60944206
positive-emotion,hopeful,3.476525573,High-frequency,152,Adjective,1,Adjective,141,1.680972818
positive-emotion,fearless,3.476525573,High-frequency,152,Adjective,1,Adjective,131,1.561754888
positive-emotion,bravery,3.462095858,High-frequency,147,Noun,1,Noun,118,1.406771578
positive-emotion,enthusiastic,3.44717018,High-frequency,142,Adjective,1,Adjective,129,1.537911302
positive-emotion,idol,3.444122487,High-frequency,141,Noun,1,Noun,102,1.21602289
positive-emotion,tendency,3.434848942,High-frequency,138,Noun,1,Noun,135,1.60944206
positive-emotion,icy,3.425373051,High-frequency,135,Adjective,1,Adjective,113,1.347162613
positive-emotion,awe,3.422167911,High-frequency,134,Noun,0.820895522,Noun.Verb,95,1.132570339
positive-emotion,amuse,3.418938941,High-frequency,133,Verb,0.962406015,Verb.Noun,115,1.371006199
positive-emotion,gaze,3.405777494,High-frequency,129,Noun,0.976744186,Noun.Verb,103,1.227944683
positive-emotion,tenderness,3.405777494,High-frequency,129,Noun,1,Noun,96,1.144492132
positive-emotion,anticipation,3.399044112,High-frequency,127,Noun,1,Noun,116,1.382927992
positive-emotion,attach,3.395637863,High-frequency,126,Verb,1,Verb,114,1.359084406
positive-emotion,dedicate,3.388744155,High-frequency,124,Verb,1,Verb,104,1.239866476
positive-emotion,orientation,3.388744155,High-frequency,124,Noun,1,Noun,100,1.192179304
positive-emotion,smug,3.381739254,High-frequency,122,Adjective,1,Adjective,115,1.371006199
positive-emotion,compatible,3.374619512,High-frequency,120,Adjective,1,Adjective,93,1.108726753
positive-emotion,hurrah,3.374619512,High-frequency,120,Interjection,0.882352941,Interjection.Noun,43,0.512637101
positive-emotion,preference,3.371015388,High-frequency,119,Noun,1,Noun,99,1.180257511
positive-emotion,pluck,3.367381104,High-frequency,118,Verb,0.923728814,Verb.Noun,94,1.120648546
positive-emotion,fetish,3.363716149,High-frequency,117,Noun,1,Noun,87,1.037195994
positive-emotion,cabaret,3.356292131,High-frequency,115,Noun,1,Noun,44,0.524558894
positive-emotion,affectionate,3.356292131,High-frequency,115,Adjective,1,Adjective,95,1.132570339
positive-emotion,correspondence,3.356292131,High-frequency,115,Noun,1,Noun,95,1.132570339
positive-emotion,suspense,3.352531982,High-frequency,114,Noun,1,Noun,106,1.263710062
positive-emotion,encouragement,3.344912586,High-frequency,112,Noun,1,Noun,106,1.263710062
positive-emotion,abstract,3.341052165,High-frequency,111,Adjective,0.901785714,Adjective.Verb.Noun,82,0.977587029
positive-emotion,excite,3.333226827,High-frequency,109,Verb,1,Verb,99,1.180257511
positive-emotion,projection,3.325257898,High-frequency,107,Noun,1,Noun,78,0.929899857
positive-emotion,admiration,3.325257898,High-frequency,107,Noun,1,Noun,99,1.180257511
positive-emotion,prevail,3.325257898,High-frequency,107,Verb,1,Verb,94,1.120648546
positive-emotion,belonging,3.317140007,High-frequency,105,Verb,1,Verb,101,1.204101097
positive-emotion,sleeper,3.317140007,High-frequency,105,Noun,1,Noun,74,0.882212685
positive-emotion,clapping,3.313023441,High-frequency,104,Verb,0.805825243,Verb.Noun.Adjective,79,0.94182165
positive-emotion,assurance,3.313023441,High-frequency,104,Noun,1,Noun,87,1.037195994
positive-emotion,devote,3.296155516,High-frequency,100,Verb,1,Verb,92,1.096804959
positive-emotion,hearty,3.291834142,High-frequency,99,Adjective,0.683673469,Adjective.Noun,88,1.049117787
positive-emotion,confide,3.283060218,High-frequency,97,Verb,1,Verb,80,0.953743443
positive-emotion,relish,3.278605876,High-frequency,96,Verb,0.604166667,Verb.Noun,82,0.977587029
positive-emotion,fatigue,3.264961996,High-frequency,93,Noun,0.978494624,Noun.Verb,74,0.882212685
positive-emotion,heed,3.260317091,High-frequency,92,Verb,0.720430108,Verb.Noun,79,0.94182165
positive-emotion,lovable,3.255621969,High-frequency,91,Adjective,1,Adjective,65,0.774916547
positive-emotion,commend,3.255621969,High-frequency,91,Verb,1,Verb,87,1.037195994
positive-emotion,serenity,3.255621969,High-frequency,91,Noun,0.802197802,Noun.Name,60,0.715307582
positive-emotion,fascination,3.250875534,High-frequency,90,Noun,1,Noun,70,0.834525513
positive-emotion,checkmate,3.250875534,High-frequency,90,Verb,0.811111111,Verb.Noun,67,0.798760134
positive-emotion,esteem,3.231353395,High-frequency,86,Noun,1,Noun,76,0.906056271
positive-emotion,rejoice,3.231353395,High-frequency,86,Verb,1,Verb,73,0.870290892
positive-emotion,fringe,3.226332593,High-frequency,85,Noun,1,Noun,69,0.82260372
positive-emotion,perky,3.226332593,High-frequency,85,Adjective,0.858823529,Adjective.Name,66,0.78683834
positive-emotion,stature,3.226332593,High-frequency,85,Noun,1,Noun,70,0.834525513
positive-emotion,proximity,3.221253068,High-frequency,84,Noun,1,Noun,76,0.906056271
positive-emotion,graft,3.221253068,High-frequency,84,Noun,0.845238095,Noun.Verb,49,0.584167859
positive-emotion,patriotism,3.221253068,High-frequency,84,Noun,1,Noun,71,0.846447306
positive-emotion,eulogy,3.221253068,High-frequency,84,Noun,1,Noun,42,0.500715308
positive-emotion,accord,3.216113428,High-frequency,83,Noun,0.815789474,Noun.Verb.Preposition,66,0.78683834
positive-emotion,wallow,3.210912235,High-frequency,82,Verb,0.780487805,Verb.Noun,58,0.691463996
positive-emotion,discomfort,3.205647995,High-frequency,81,Noun,1,Noun,70,0.834525513
positive-emotion,relaxation,3.200319161,High-frequency,80,Noun,1,Noun,71,0.846447306
positive-emotion,gloat,3.200319161,High-frequency,80,Verb,0.797468354,Verb.Noun,67,0.798760134
positive-emotion,compose,3.200319161,High-frequency,80,Verb,1,Verb,65,0.774916547
positive-emotion,earnest,3.200319161,High-frequency,80,Adjective,0.975,Adjective.Noun,72,0.858369099
positive-emotion,hedge,3.194924129,High-frequency,79,Noun,0.835443038,Noun.Verb,58,0.691463996
positive-emotion,optimism,3.194924129,High-frequency,79,Noun,0.987341772,Noun.Name,74,0.882212685
positive-emotion,sympathize,3.194924129,High-frequency,79,Verb,1,Verb,77,0.917978064
positive-emotion,pleasing,3.194924129,High-frequency,79,Adjective,0.835443038,Adjective.Verb,70,0.834525513
positive-emotion,banzai,3.194924129,High-frequency,79,Noun,0.564102564,Noun.Name.Adjective.Verb,23,0.27420124
positive-emotion,shiver,3.189461233,High-frequency,78,Verb,0.628205128,Verb.Noun,50,0.596089652
positive-emotion,optimist,3.189461233,High-frequency,78,Noun,1,Noun,73,0.870290892
positive-emotion,solace,3.189461233,High-frequency,78,Noun,0.818181818,Noun.Verb.Name,61,0.727229375
positive-emotion,blowout,3.178324867,High-frequency,76,Noun,0.802631579,Noun.Verb,59,0.703385789
positive-emotion,joyful,3.178324867,High-frequency,76,Adjective,1,Adjective,60,0.715307582
positive-emotion,enlightenment,3.166895406,High-frequency,74,Noun,1,Noun,62,0.739151168
positive-emotion,spur,3.161065862,High-frequency,73,Noun,0.849315068,Noun.Verb,57,0.679542203
positive-emotion,trusty,3.155157002,High-frequency,72,Adjective,1,Adjective,65,0.774916547
positive-emotion,frigid,3.149166639,High-frequency,71,Adjective,1,Adjective,57,0.679542203
positive-emotion,endorsement,3.149166639,High-frequency,71,Noun,1,Noun,65,0.774916547
positive-emotion,delicacy,3.149166639,High-frequency,71,Noun,1,Noun,65,0.774916547
positive-emotion,jugular,3.149166639,High-frequency,71,Noun,0.690140845,Noun.Adjective,56,0.66762041
positive-emotion,triumphant,3.143092491,High-frequency,70,Adjective,1,Adjective,57,0.679542203
positive-emotion,carefree,3.136932182,High-frequency,69,Adjective,0.985294118,Adjective.Name,59,0.703385789
positive-emotion,joyous,3.136932182,High-frequency,69,Adjective,1,Adjective,62,0.739151168
positive-emotion,enjoyment,3.136932182,High-frequency,69,Noun,1,Noun,66,0.78683834
positive-emotion,simplicity,3.136932182,High-frequency,69,Noun,1,Noun,64,0.762994754
positive-emotion,reverence,3.130683233,High-frequency,68,Noun,1,Noun,55,0.655698617
positive-emotion,secretive,3.130683233,High-frequency,68,Adjective,1,Adjective,62,0.739151168
positive-emotion,expectation,3.124343055,High-frequency,67,Noun,1,Noun,62,0.739151168
positive-emotion,prediction,3.117908945,High-frequency,66,Noun,1,Noun,46,0.54840248
positive-emotion,victorious,3.117908945,High-frequency,66,Adjective,1,Adjective,58,0.691463996
positive-emotion,attentive,3.117908945,High-frequency,66,Adjective,1,Adjective,63,0.751072961
positive-emotion,imprint,3.104747499,High-frequency,64,Noun,1,Noun,41,0.488793515
positive-emotion,slammer,3.098014116,High-frequency,63,Noun,0.952380952,Noun.Name,49,0.584167859
positive-emotion,advancement,3.098014116,High-frequency,63,Noun,1,Noun,58,0.691463996
positive-emotion,profiling,3.084225832,High-frequency,61,Verb,0.508196721,Verb.Noun.Adjective.Name,45,0.536480687
positive-emotion,lull,3.077163977,High-frequency,60,Noun,0.85,Noun.Verb,46,0.54840248
positive-emotion,readiness,3.077163977,High-frequency,60,Noun,1,Noun,49,0.584167859
positive-emotion,playful,3.069985393,High-frequency,59,Adjective,1,Adjective,51,0.608011445
positive-emotion,attachment,3.069985393,High-frequency,59,Noun,1,Noun,56,0.66762041
positive-emotion,unhappiness,3.069985393,High-frequency,59,Noun,1,Noun,53,0.631855031
positive-emotion,glee,3.062686154,High-frequency,58,Noun,1,Noun,49,0.584167859
positive-emotion,empathy,3.062686154,High-frequency,58,Noun,1,Noun,37,0.441106342
positive-emotion,dismissal,3.055262136,High-frequency,57,Noun,1,Noun,50,0.596089652
positive-emotion,revere,3.055262136,High-frequency,57,Name,0.696428571,Name.Verb,41,0.488793515
positive-emotion,shudder,3.055262136,High-frequency,57,Verb,0.771929825,Verb.Noun,49,0.584167859
positive-emotion,nirvana,3.055262136,High-frequency,57,Name,0.517857143,Name.Noun,30,0.357653791
positive-emotion,okey,3.055262136,High-frequency,57,Noun,0.859649123,Noun.Name.Adjective,26,0.309966619
positive-emotion,urging,3.047708998,High-frequency,56,Verb,0.910714286,Verb.Noun,52,0.619933238
positive-emotion,sideshow,3.047708998,High-frequency,56,Noun,1,Noun,46,0.54840248
positive-emotion,implicate,3.047708998,High-frequency,56,Verb,0.982142857,Verb.Noun,48,0.572246066
positive-emotion,tingle,3.047708998,High-frequency,56,Noun,0.696428571,Noun.Verb.Name,42,0.500715308
positive-emotion,lovemaking,3.047708998,High-frequency,56,Noun,1,Noun,48,0.572246066
positive-emotion,poise,3.047708998,High-frequency,56,Noun,0.982142857,Noun.Verb,35,0.417262756
positive-emotion,insecurity,3.040022169,High-frequency,55,Noun,1,Noun,50,0.596089652
positive-emotion,indifference,3.040022169,High-frequency,55,Noun,1,Noun,50,0.596089652
positive-emotion,cheery,3.032196832,High-frequency,54,Adjective,1,Adjective,49,0.584167859
positive-emotion,blockbuster,3.032196832,High-frequency,54,Noun,1,Noun,46,0.54840248
positive-emotion,provocation,3.024227902,High-frequency,53,Noun,1,Noun,51,0.608011445
positive-emotion,fulfillment,3.016110012,High-frequency,52,Noun,1,Noun,47,0.560324273
positive-emotion,reprieve,3.007837486,High-frequency,51,Noun,0.921568627,Noun.Verb,41,0.488793515
positive-emotion,tickling,3.007837486,High-frequency,51,Verb,0.862745098,Verb.Noun.Name.Adjective,46,0.54840248